age,job,marital,education,default,balance,housing,loan,contact,day,month,campaign,pdays,previous,poutcome,deposit
24,management,single,tertiary,no,1506,no,no,cellular,12,jun,2,95,4,success,yes
52,blue-collar,married,primary,no,1624,no,no,unknown,20,jun,3,-1,0,unknown,no
58,technician,single,secondary,no,382,no,no,cellular,13,aug,2,-1,0,unknown,no
32,self-employed,single,tertiary,no,1249,yes,no,cellular,19,nov,1,-1,0,unknown,yes
30,admin.,married,tertiary,no,26,yes,no,cellular,16,apr,1,323,1,failure,no
38,technician,married,secondary,no,185,no,yes,cellular,29,aug,16,-1,0,unknown,no
48,services,divorced,secondary,no,-276,yes,yes,cellular,13,may,1,-1,0,unknown,yes
30,student,single,tertiary,no,228,yes,no,cellular,13,may,2,-1,0,unknown,yes
38,management,married,tertiary,no,4293,yes,no,cellular,6,may,2,250,2,failure,no
39,entrepreneur,married,secondary,no,2139,yes,no,cellular,15,may,4,371,1,failure,yes
41,blue-collar,married,primary,no,4,no,no,cellular,23,jul,5,-1,0,unknown,no
24,technician,single,secondary,no,135,yes,yes,cellular,18,may,1,-1,0,unknown,no
32,management,single,tertiary,no,111,yes,no,unknown,8,may,2,-1,0,unknown,no
33,technician,married,tertiary,no,5641,no,no,cellular,18,aug,2,-1,0,unknown,no
45,management,single,tertiary,no,4831,no,no,cellular,30,jul,3,182,11,success,yes
47,technician,married,secondary,no,293,no,no,cellular,3,mar,1,-1,0,unknown,yes
28,management,single,tertiary,no,730,yes,no,cellular,3,mar,1,-1,0,unknown,yes
54,management,married,tertiary,no,8295,no,no,cellular,5,jun,1,-1,0,unknown,yes
26,services,married,secondary,no,54,yes,no,unknown,13,may,1,-1,0,unknown,no
37,admin.,single,tertiary,no,3954,yes,no,cellular,12,aug,1,117,2,failure,no
30,management,married,tertiary,no,5381,no,no,cellular,17,nov,1,-1,0,unknown,no
31,blue-collar,married,secondary,no,92,yes,no,unknown,16,may,1,-1,0,unknown,yes
57,blue-collar,married,secondary,no,2058,yes,no,telephone,18,may,2,-1,0,unknown,no
41,entrepreneur,married,primary,no,0,no,no,cellular,3,jul,2,389,1,other,yes
28,admin.,single,secondary,no,261,yes,yes,cellular,9,sep,2,98,4,success,yes
41,management,married,tertiary,no,298,no,no,cellular,4,may,3,272,1,other,no
37,management,single,tertiary,no,0,no,no,cellular,20,oct,1,258,3,other,no
38,management,married,tertiary,yes,327,yes,yes,cellular,9,jul,5,-1,0,unknown,yes
45,management,single,tertiary,no,997,no,yes,cellular,19,nov,1,-1,0,unknown,no
63,management,married,tertiary,no,2785,no,no,cellular,2,aug,2,392,3,success,yes
33,management,single,tertiary,no,4128,yes,no,unknown,12,may,6,-1,0,unknown,no
42,technician,married,tertiary,no,446,no,no,cellular,6,aug,3,-1,0,unknown,no
49,technician,married,secondary,no,12531,no,no,cellular,13,aug,8,-1,0,unknown,no
36,admin.,single,secondary,no,8785,yes,no,cellular,20,nov,2,-1,0,unknown,no
30,blue-collar,single,primary,no,253,yes,no,cellular,5,may,1,-1,0,unknown,yes
44,services,divorced,secondary,no,608,yes,yes,unknown,18,jun,30,-1,0,unknown,no
26,management,single,tertiary,no,7628,no,no,cellular,1,apr,1,-1,0,unknown,no
71,retired,married,tertiary,no,4388,no,no,cellular,8,jul,2,-1,0,unknown,yes
60,technician,married,secondary,no,10925,no,no,cellular,23,oct,3,185,1,success,yes
60,technician,divorced,tertiary,no,1900,yes,no,unknown,29,may,3,-1,0,unknown,no
35,blue-collar,married,primary,no,159,yes,yes,cellular,12,may,1,-1,0,unknown,yes
57,management,married,tertiary,no,473,no,no,cellular,1,jun,1,-1,0,unknown,yes
40,technician,married,secondary,no,2266,no,no,cellular,26,may,3,89,7,other,yes
52,services,married,secondary,no,1000,no,no,cellular,5,aug,2,-1,0,unknown,yes
45,entrepreneur,married,primary,no,488,yes,no,telephone,28,jul,11,-1,0,unknown,no
51,admin.,single,secondary,no,895,no,no,cellular,23,jul,2,-1,0,unknown,yes
33,services,single,tertiary,no,-452,no,no,cellular,29,jan,2,-1,0,unknown,yes
38,management,married,tertiary,no,1354,yes,no,cellular,29,jan,2,-1,0,unknown,no
52,technician,married,tertiary,no,7,no,yes,unknown,5,may,1,-1,0,unknown,no
42,services,married,secondary,no,1376,yes,no,cellular,2,jun,2,92,4,success,yes
42,technician,divorced,secondary,no,214,no,no,cellular,16,apr,1,-1,0,unknown,yes
57,retired,married,secondary,no,5313,no,no,cellular,3,jun,1,-1,0,unknown,yes
50,admin.,divorced,secondary,no,797,yes,no,telephone,25,jul,8,-1,0,unknown,no
51,blue-collar,married,secondary,no,568,yes,no,unknown,4,jun,1,-1,0,unknown,no
31,technician,married,tertiary,no,636,yes,no,cellular,4,may,4,-1,0,unknown,yes
33,management,married,tertiary,no,968,no,yes,cellular,28,aug,10,-1,0,unknown,no
40,blue-collar,married,primary,no,13,yes,no,unknown,4,jul,1,-1,0,unknown,no
37,admin.,married,secondary,no,641,yes,no,unknown,5,jun,1,-1,0,unknown,no
48,entrepreneur,married,secondary,no,0,no,yes,cellular,28,jul,2,-1,0,unknown,yes
51,management,married,tertiary,no,346,no,no,cellular,11,aug,1,180,6,success,yes
29,blue-collar,married,secondary,no,975,yes,no,unknown,27,may,2,-1,0,unknown,no
34,admin.,single,secondary,no,63,yes,no,cellular,17,apr,1,-1,0,unknown,yes
48,management,divorced,tertiary,no,-244,yes,no,unknown,5,may,1,-1,0,unknown,no
48,blue-collar,married,primary,no,783,no,yes,cellular,6,aug,2,-1,0,unknown,no
35,technician,single,secondary,no,1693,yes,no,cellular,10,feb,1,-1,0,unknown,yes
82,retired,married,secondary,no,121,no,no,telephone,19,feb,1,-1,0,unknown,yes
46,blue-collar,married,secondary,no,668,yes,no,unknown,15,may,2,-1,0,unknown,yes
31,blue-collar,married,secondary,no,64,yes,no,cellular,18,jul,3,-1,0,unknown,no
29,management,single,tertiary,no,54,yes,yes,unknown,26,may,3,-1,0,unknown,no
32,technician,single,secondary,no,28,yes,no,cellular,18,nov,1,-1,0,unknown,no
28,self-employed,married,tertiary,no,0,yes,no,cellular,4,feb,3,196,4,failure,yes
29,student,single,secondary,no,459,no,no,cellular,15,dec,3,189,19,other,yes
26,management,single,tertiary,no,47,yes,no,cellular,18,may,1,-1,0,unknown,no
31,technician,married,secondary,no,1173,yes,no,cellular,14,jul,3,-1,0,unknown,yes
27,admin.,single,tertiary,no,832,no,no,cellular,21,apr,1,-1,0,unknown,no
33,management,married,secondary,no,369,no,no,cellular,11,feb,1,-1,0,unknown,yes
33,blue-collar,married,tertiary,no,6138,yes,no,unknown,20,may,1,-1,0,unknown,no
56,retired,married,secondary,no,74,yes,no,unknown,26,may,2,-1,0,unknown,no
77,retired,married,primary,no,2590,no,no,telephone,15,feb,5,94,15,success,no
24,blue-collar,single,secondary,no,833,yes,no,cellular,15,may,1,-1,0,unknown,yes
36,admin.,married,secondary,no,96,no,no,cellular,2,feb,1,-1,0,unknown,yes
40,services,divorced,secondary,no,694,yes,no,cellular,31,jul,14,-1,0,unknown,no
42,entrepreneur,married,primary,no,558,yes,no,cellular,6,may,2,-1,0,unknown,no
34,management,married,tertiary,no,606,no,no,cellular,20,apr,1,-1,0,unknown,yes
34,management,married,tertiary,no,557,yes,no,cellular,16,jul,1,-1,0,unknown,no
58,management,divorced,tertiary,no,372,no,yes,unknown,29,oct,1,-1,0,unknown,yes
51,blue-collar,married,secondary,no,50,yes,yes,unknown,6,may,1,-1,0,unknown,no
30,admin.,single,secondary,no,4448,no,no,cellular,11,feb,8,-1,0,unknown,yes
45,blue-collar,divorced,primary,no,-311,yes,no,unknown,23,may,1,-1,0,unknown,yes
57,housemaid,married,primary,no,625,no,yes,unknown,11,jun,1,-1,0,unknown,yes
42,admin.,married,secondary,no,105,no,no,unknown,11,jun,4,-1,0,unknown,yes
59,retired,married,primary,no,-47,yes,no,cellular,27,aug,4,-1,0,unknown,no
27,blue-collar,single,primary,no,232,yes,no,cellular,26,oct,2,-1,0,unknown,yes
29,blue-collar,married,secondary,no,100,yes,yes,cellular,6,may,4,344,2,failure,no
49,blue-collar,married,primary,no,247,no,yes,cellular,22,jul,1,-1,0,unknown,no
46,blue-collar,married,secondary,no,1568,yes,no,cellular,2,jun,1,55,6,other,yes
28,management,single,tertiary,no,3611,no,no,cellular,26,feb,2,-1,0,unknown,yes
26,self-employed,single,tertiary,no,2857,no,no,cellular,3,jul,1,-1,0,unknown,yes
41,services,married,secondary,no,205,yes,no,unknown,8,may,1,-1,0,unknown,no
24,student,single,secondary,no,493,yes,no,cellular,13,may,4,358,1,other,no
46,blue-collar,married,primary,no,557,no,no,unknown,18,jun,1,-1,0,unknown,no
34,retired,married,primary,no,4499,no,no,unknown,21,may,1,-1,0,unknown,yes
38,management,married,primary,no,1365,yes,no,unknown,5,jun,1,-1,0,unknown,no
50,services,married,secondary,no,3169,no,no,cellular,13,aug,1,430,1,failure,yes
39,blue-collar,married,secondary,no,854,yes,yes,cellular,6,may,1,-1,0,unknown,no
34,technician,single,tertiary,no,370,no,no,cellular,11,aug,2,-1,0,unknown,no
34,self-employed,single,tertiary,no,9962,no,no,cellular,20,aug,1,-1,0,unknown,yes
33,services,single,secondary,no,-27,yes,no,unknown,26,may,1,-1,0,unknown,no
30,management,single,tertiary,no,5359,no,no,cellular,26,feb,1,191,3,success,yes
36,management,single,tertiary,no,442,yes,yes,cellular,29,jul,3,-1,0,unknown,no
38,admin.,single,secondary,no,2600,yes,no,cellular,19,nov,1,-1,0,unknown,no
40,technician,single,secondary,no,153,no,no,cellular,7,aug,2,-1,0,unknown,no
41,management,married,primary,no,733,yes,no,cellular,7,may,1,335,7,failure,no
38,technician,divorced,tertiary,no,1805,no,no,unknown,9,jun,2,-1,0,unknown,yes
29,student,single,tertiary,no,163,no,no,cellular,3,aug,1,-1,0,unknown,yes
85,retired,married,primary,no,98,no,no,cellular,30,apr,1,-1,0,unknown,yes
30,housemaid,single,tertiary,no,19,no,no,cellular,4,aug,1,92,5,success,yes
32,management,single,tertiary,no,7290,yes,no,cellular,18,may,1,-1,0,unknown,yes
40,management,single,tertiary,no,257,no,no,cellular,1,feb,1,209,1,failure,no
33,technician,married,secondary,no,0,yes,yes,cellular,19,nov,2,-1,0,unknown,no
30,unemployed,single,secondary,no,2424,no,no,cellular,15,feb,1,95,2,success,yes
31,management,married,tertiary,no,1331,no,no,unknown,5,nov,1,-1,0,unknown,yes
56,retired,married,primary,no,9367,no,no,cellular,13,aug,2,101,2,success,yes
27,unemployed,single,secondary,no,771,no,no,cellular,21,oct,1,302,3,other,yes
30,blue-collar,married,secondary,no,5,no,no,cellular,17,apr,3,-1,0,unknown,yes
33,admin.,married,secondary,no,616,no,no,cellular,6,sep,3,-1,0,unknown,yes
54,technician,married,secondary,no,3323,yes,yes,cellular,8,apr,3,-1,0,unknown,no
40,blue-collar,married,primary,no,7831,yes,no,unknown,14,may,1,-1,0,unknown,no
30,services,single,secondary,no,101,yes,no,cellular,19,nov,2,-1,0,unknown,no
45,self-employed,married,tertiary,no,-497,yes,yes,cellular,20,nov,1,-1,0,unknown,no
40,services,single,secondary,no,19343,yes,no,cellular,21,nov,4,179,4,failure,no
54,admin.,married,secondary,no,66,yes,no,cellular,11,nov,1,-1,0,unknown,yes
30,admin.,single,secondary,no,873,no,no,cellular,7,oct,1,216,2,failure,no
25,blue-collar,single,secondary,no,-250,yes,no,unknown,13,may,1,-1,0,unknown,no
32,technician,married,tertiary,no,0,yes,no,cellular,19,nov,4,-1,0,unknown,no
30,unemployed,single,tertiary,no,1159,no,no,telephone,5,jun,1,-1,0,unknown,yes
64,management,married,unknown,no,2352,no,no,cellular,4,may,2,182,11,success,yes
59,blue-collar,married,primary,no,1939,no,no,cellular,23,apr,1,-1,0,unknown,yes
35,blue-collar,divorced,secondary,no,0,yes,no,unknown,20,may,1,-1,0,unknown,yes
48,management,married,tertiary,no,2498,no,no,cellular,14,aug,2,-1,0,unknown,no
38,entrepreneur,married,tertiary,no,1110,yes,no,cellular,20,nov,2,183,2,failure,yes
54,retired,married,primary,no,136,yes,no,cellular,3,apr,1,332,2,failure,no
37,services,married,secondary,no,4151,yes,yes,cellular,30,jul,4,-1,0,unknown,yes
55,entrepreneur,married,tertiary,no,323,yes,yes,cellular,13,may,1,-1,0,unknown,no
47,blue-collar,married,secondary,no,863,yes,no,unknown,19,may,2,-1,0,unknown,yes
36,management,married,tertiary,no,1113,no,no,cellular,1,sep,1,-1,0,unknown,yes
45,unknown,married,unknown,no,356,no,no,cellular,11,aug,2,-1,0,unknown,no
35,blue-collar,married,tertiary,no,2999,no,no,unknown,12,jun,6,-1,0,unknown,yes
48,admin.,married,unknown,no,0,yes,no,cellular,8,may,1,168,2,failure,no
42,self-employed,married,primary,no,3717,no,no,unknown,20,jun,1,-1,0,unknown,no
44,self-employed,married,unknown,no,680,yes,no,telephone,30,jul,4,-1,0,unknown,no
30,admin.,married,secondary,no,-170,yes,yes,unknown,26,may,1,-1,0,unknown,no
40,management,single,tertiary,no,0,yes,no,cellular,23,feb,2,182,6,failure,yes
80,retired,married,primary,no,1468,no,no,cellular,13,jan,3,-1,0,unknown,yes
30,technician,single,secondary,no,893,no,no,cellular,26,aug,3,-1,0,unknown,no
38,services,married,secondary,no,8876,no,no,cellular,2,feb,1,75,1,failure,no
44,services,married,secondary,no,0,yes,yes,cellular,11,may,1,-1,0,unknown,no
57,housemaid,married,primary,no,1969,no,no,cellular,14,aug,3,-1,0,unknown,no
30,management,single,tertiary,no,277,yes,no,cellular,8,may,1,42,1,other,no
34,management,married,tertiary,no,8000,no,no,cellular,12,feb,1,260,2,failure,yes
62,blue-collar,married,secondary,no,272,no,no,cellular,11,aug,1,286,2,failure,yes
39,services,married,secondary,no,0,yes,no,unknown,20,may,2,-1,0,unknown,no
39,management,married,secondary,no,13578,yes,no,cellular,21,nov,2,-1,0,unknown,no
35,services,single,secondary,no,1239,yes,no,cellular,5,may,2,347,1,failure,no
49,blue-collar,married,primary,no,-167,no,no,cellular,7,jul,1,-1,0,unknown,no
29,admin.,single,secondary,no,1027,yes,no,cellular,2,feb,1,-1,0,unknown,yes
19,student,single,secondary,no,302,no,no,cellular,16,jul,1,-1,0,unknown,yes
40,self-employed,married,secondary,no,0,yes,no,cellular,11,may,1,-1,0,unknown,yes
36,services,divorced,primary,no,418,yes,no,cellular,8,may,2,-1,0,unknown,no
27,self-employed,single,tertiary,no,168,no,no,cellular,12,nov,1,196,1,success,yes
30,admin.,single,secondary,no,2702,yes,no,cellular,24,jul,2,-1,0,unknown,no
60,housemaid,divorced,primary,no,1412,no,no,cellular,22,jul,4,-1,0,unknown,no
45,self-employed,single,primary,no,112,no,no,unknown,20,jun,4,-1,0,unknown,no
32,services,married,secondary,no,289,yes,no,cellular,2,feb,1,257,2,failure,no
34,management,divorced,tertiary,no,2885,no,no,cellular,10,feb,2,156,4,other,yes
28,admin.,single,secondary,no,352,yes,yes,cellular,18,may,1,-1,0,unknown,yes
32,admin.,married,tertiary,no,653,no,no,cellular,2,jun,1,-1,0,unknown,yes
49,admin.,single,secondary,no,293,no,no,cellular,28,jun,1,-1,0,unknown,yes
51,entrepreneur,married,tertiary,no,83,no,no,cellular,20,apr,2,-1,0,unknown,yes
40,technician,married,secondary,no,-357,yes,no,cellular,16,jul,4,-1,0,unknown,yes
45,services,married,secondary,no,27,yes,yes,cellular,31,jul,2,-1,0,unknown,no
24,management,single,tertiary,no,1,no,no,cellular,14,may,5,-1,0,unknown,yes
35,blue-collar,single,unknown,no,484,no,no,cellular,8,jul,1,87,3,failure,yes
51,blue-collar,married,primary,no,230,yes,no,unknown,6,may,1,-1,0,unknown,no
42,blue-collar,married,secondary,no,490,yes,no,unknown,5,may,2,-1,0,unknown,no
27,blue-collar,single,secondary,no,240,yes,no,cellular,18,may,4,-1,0,unknown,no
38,technician,married,tertiary,no,202,no,no,cellular,5,aug,2,-1,0,unknown,yes
36,management,single,tertiary,no,2944,no,no,cellular,18,aug,8,-1,0,unknown,yes
54,retired,married,secondary,no,1851,no,no,unknown,11,jun,3,-1,0,unknown,no
39,admin.,single,secondary,no,1078,no,no,unknown,3,jun,3,-1,0,unknown,no
49,management,married,tertiary,no,276,no,no,cellular,27,aug,5,-1,0,unknown,no
25,student,single,tertiary,no,58,no,no,cellular,24,jul,5,-1,0,unknown,yes
35,management,married,secondary,no,97,yes,no,unknown,29,may,4,-1,0,unknown,no
33,blue-collar,married,secondary,no,395,yes,no,unknown,2,jun,1,-1,0,unknown,no
67,retired,married,primary,no,1430,no,no,cellular,11,jan,2,91,3,failure,yes
35,admin.,single,secondary,no,303,no,no,cellular,24,sep,2,190,10,other,yes
59,blue-collar,divorced,primary,no,989,no,no,cellular,20,jul,2,-1,0,unknown,yes
27,blue-collar,single,secondary,no,535,no,no,cellular,16,aug,3,95,4,success,yes
46,services,married,secondary,no,0,no,no,cellular,18,aug,4,-1,0,unknown,no
28,technician,single,tertiary,no,11862,no,no,cellular,21,oct,2,238,13,other,yes
52,management,married,tertiary,no,4358,no,no,telephone,31,jul,7,-1,0,unknown,no
37,services,married,secondary,no,1970,yes,no,telephone,5,nov,1,-1,0,unknown,yes
45,technician,single,tertiary,no,0,no,no,cellular,22,aug,4,-1,0,unknown,no
27,student,single,secondary,no,3754,no,no,cellular,15,mar,3,98,1,other,no
34,services,single,secondary,no,1239,yes,no,unknown,23,may,1,-1,0,unknown,no
31,services,married,secondary,no,447,no,no,cellular,19,mar,3,-1,0,unknown,yes
43,technician,single,secondary,no,1462,no,no,unknown,9,jun,2,-1,0,unknown,no
33,management,single,tertiary,no,2667,yes,no,cellular,18,may,1,180,3,failure,no
41,entrepreneur,divorced,tertiary,no,-413,yes,no,unknown,8,may,2,-1,0,unknown,no
46,services,married,primary,no,437,yes,no,cellular,13,may,3,-1,0,unknown,yes
33,management,single,tertiary,no,224,no,no,cellular,8,mar,2,-1,0,unknown,yes
45,management,married,tertiary,no,210,yes,no,cellular,21,jul,1,-1,0,unknown,no
27,technician,married,secondary,no,-392,yes,no,cellular,23,jul,2,-1,0,unknown,yes
30,technician,single,tertiary,no,0,no,no,cellular,22,aug,2,-1,0,unknown,no
41,unemployed,single,tertiary,no,4517,yes,no,cellular,20,nov,1,-1,0,unknown,no
29,blue-collar,single,secondary,no,234,yes,no,cellular,8,may,1,345,1,other,no
44,admin.,married,secondary,no,262,yes,no,cellular,9,jul,1,-1,0,unknown,no
56,services,married,unknown,no,616,no,no,unknown,18,jun,1,-1,0,unknown,no
38,admin.,married,secondary,no,47,yes,no,cellular,4,may,5,-1,0,unknown,yes
29,admin.,divorced,tertiary,yes,0,no,yes,cellular,9,jul,3,-1,0,unknown,yes
26,blue-collar,single,secondary,yes,-36,yes,no,unknown,3,jun,2,-1,0,unknown,yes
27,blue-collar,married,unknown,no,409,yes,no,cellular,18,may,1,-1,0,unknown,yes
36,technician,married,tertiary,no,521,no,no,cellular,20,oct,3,-1,0,unknown,yes
49,unemployed,married,primary,no,518,no,no,cellular,29,jan,2,-1,0,unknown,yes
43,management,divorced,secondary,no,51,no,no,cellular,2,feb,1,-1,0,unknown,yes
31,technician,single,secondary,no,1170,yes,no,unknown,2,jun,2,-1,0,unknown,no
27,management,married,tertiary,no,893,no,no,cellular,16,oct,2,-1,0,unknown,yes
29,blue-collar,married,secondary,no,246,yes,no,cellular,28,jul,5,-1,0,unknown,no
30,technician,single,tertiary,no,2325,no,no,cellular,10,aug,1,127,7,failure,yes
28,services,single,tertiary,no,128,no,no,cellular,27,may,1,414,1,failure,yes
50,admin.,married,secondary,no,715,no,no,cellular,28,aug,13,-1,0,unknown,no
57,blue-collar,single,primary,no,3495,no,yes,cellular,19,nov,3,-1,0,unknown,no
31,management,single,secondary,no,1310,yes,no,cellular,18,may,2,-1,0,unknown,no
36,technician,single,secondary,no,664,no,no,cellular,22,aug,3,-1,0,unknown,no
34,admin.,single,tertiary,no,64,yes,no,cellular,28,jul,2,-1,0,unknown,no
70,retired,divorced,secondary,no,0,no,no,cellular,8,sep,1,-1,0,unknown,yes
36,management,married,tertiary,no,-633,yes,no,cellular,17,jul,1,-1,0,unknown,no
35,management,single,tertiary,no,2306,no,no,cellular,18,aug,7,-1,0,unknown,no
28,technician,single,secondary,no,3,no,no,telephone,18,may,8,349,6,failure,no
26,technician,single,tertiary,no,4130,no,no,cellular,28,jan,2,-1,0,unknown,no
31,technician,single,secondary,no,1819,yes,no,unknown,15,may,2,-1,0,unknown,no
34,blue-collar,single,secondary,no,79,no,yes,cellular,20,nov,1,-1,0,unknown,no
35,management,divorced,tertiary,no,1723,yes,no,cellular,25,jul,1,-1,0,unknown,yes
47,technician,married,secondary,no,335,no,no,cellular,17,feb,1,-1,0,unknown,yes
54,management,married,secondary,no,0,no,no,cellular,19,nov,1,-1,0,unknown,no
36,admin.,single,secondary,no,115,no,no,cellular,4,may,3,91,1,failure,no
33,management,married,tertiary,no,133,yes,no,unknown,26,may,4,-1,0,unknown,no
35,blue-collar,single,secondary,no,3623,no,no,telephone,30,oct,1,-1,0,unknown,yes
75,retired,married,primary,no,2970,no,no,cellular,12,aug,1,-1,0,unknown,yes
33,self-employed,divorced,tertiary,no,454,no,yes,cellular,18,nov,1,-1,0,unknown,no
30,unemployed,single,secondary,no,2424,no,no,cellular,12,nov,1,279,1,failure,yes
32,blue-collar,married,primary,no,415,yes,no,unknown,2,jun,4,-1,0,unknown,yes
25,technician,single,tertiary,no,800,yes,no,unknown,13,may,4,-1,0,unknown,no
37,admin.,married,secondary,no,1314,yes,no,cellular,12,feb,4,210,3,failure,yes
42,technician,divorced,secondary,no,305,yes,no,cellular,28,aug,4,-1,0,unknown,no
63,admin.,divorced,secondary,no,4680,no,no,cellular,15,sep,2,-1,0,unknown,yes
47,technician,divorced,tertiary,no,8422,no,no,cellular,8,aug,4,-1,0,unknown,no
46,management,divorced,tertiary,no,14481,yes,no,unknown,30,may,1,-1,0,unknown,yes
33,blue-collar,married,secondary,no,139,yes,yes,cellular,18,may,2,291,5,failure,yes
33,management,single,tertiary,no,576,no,no,cellular,25,may,1,111,2,other,no
26,entrepreneur,single,tertiary,no,725,no,no,cellular,5,feb,2,189,29,other,yes
37,blue-collar,married,secondary,no,454,yes,no,unknown,12,may,1,-1,0,unknown,no
54,unemployed,single,secondary,no,3611,yes,no,cellular,5,feb,1,-1,0,unknown,no
38,self-employed,single,secondary,no,592,no,no,cellular,6,may,1,-1,0,unknown,no
51,self-employed,married,secondary,no,44,yes,yes,telephone,21,jul,1,-1,0,unknown,no
29,management,single,tertiary,no,502,no,no,cellular,8,jul,1,87,5,failure,yes
31,management,married,tertiary,no,1032,no,no,cellular,7,jul,1,-1,0,unknown,yes
45,management,married,tertiary,no,4119,yes,yes,telephone,31,aug,2,283,1,success,yes
41,technician,married,tertiary,no,13,no,no,unknown,5,jun,2,-1,0,unknown,no
40,blue-collar,single,secondary,no,82,yes,no,cellular,13,may,6,370,5,failure,no
56,management,married,secondary,no,238,yes,no,cellular,19,nov,1,-1,0,unknown,no
33,services,married,secondary,no,-384,yes,no,cellular,9,jul,1,-1,0,unknown,no
48,technician,married,secondary,no,23495,no,no,cellular,22,aug,8,-1,0,unknown,no
26,admin.,married,secondary,no,1417,yes,no,unknown,6,jun,3,-1,0,unknown,no
32,technician,single,tertiary,no,705,no,no,cellular,17,jun,1,-1,0,unknown,yes
31,blue-collar,single,secondary,no,726,no,no,cellular,7,jul,2,-1,0,unknown,yes
27,admin.,single,secondary,no,192,no,no,telephone,28,jul,17,-1,0,unknown,yes
60,retired,divorced,secondary,no,545,yes,no,unknown,6,may,1,-1,0,unknown,yes
32,blue-collar,married,secondary,no,254,yes,no,cellular,19,nov,3,-1,0,unknown,yes
57,management,married,tertiary,no,3431,yes,no,unknown,16,may,1,-1,0,unknown,no
50,technician,married,tertiary,no,247,no,no,unknown,23,may,1,-1,0,unknown,no
47,technician,married,secondary,no,0,yes,no,cellular,25,may,1,-1,0,unknown,no
48,blue-collar,married,primary,no,-254,no,yes,cellular,29,aug,4,-1,0,unknown,no
35,management,single,secondary,yes,-202,yes,no,unknown,20,may,3,-1,0,unknown,no
22,student,single,secondary,no,216,no,no,cellular,8,feb,1,187,1,success,yes
77,retired,divorced,primary,no,639,no,no,telephone,16,apr,7,-1,0,unknown,no
80,retired,married,primary,no,997,no,no,cellular,29,oct,2,86,1,other,yes
34,blue-collar,married,secondary,no,800,no,no,cellular,5,apr,1,-1,0,unknown,yes
56,blue-collar,married,primary,no,1137,no,no,telephone,2,jul,1,-1,0,unknown,yes
30,admin.,married,secondary,no,46,yes,no,unknown,6,may,2,-1,0,unknown,no
58,blue-collar,married,primary,no,73,no,no,unknown,17,jun,1,-1,0,unknown,no
39,technician,married,secondary,no,10685,yes,no,cellular,25,jul,9,-1,0,unknown,yes
30,services,divorced,primary,no,459,yes,no,cellular,18,jul,1,-1,0,unknown,yes
26,admin.,single,secondary,no,102,no,yes,cellular,8,jul,2,-1,0,unknown,yes
42,entrepreneur,married,tertiary,no,5345,no,no,unknown,11,jun,3,-1,0,unknown,yes
49,services,married,secondary,no,1377,yes,no,unknown,7,may,1,-1,0,unknown,no
34,technician,married,secondary,no,1026,no,no,cellular,12,nov,1,100,6,failure,no
46,management,married,tertiary,no,349,no,no,cellular,14,may,4,88,3,success,yes
39,management,married,secondary,no,215,no,no,cellular,11,aug,4,-1,0,unknown,yes
46,technician,married,secondary,no,3434,no,yes,cellular,27,feb,1,-1,0,unknown,yes
33,self-employed,single,tertiary,no,1049,no,no,cellular,4,may,4,-1,0,unknown,no
37,blue-collar,married,secondary,no,13849,yes,no,unknown,23,may,5,-1,0,unknown,no
53,blue-collar,married,secondary,no,-76,no,no,cellular,29,jan,1,164,4,other,no
54,retired,divorced,primary,no,22,no,no,unknown,20,jun,4,-1,0,unknown,no
36,blue-collar,married,secondary,no,136,yes,no,unknown,4,jun,2,-1,0,unknown,no
48,services,married,secondary,no,127,no,no,cellular,8,jul,1,-1,0,unknown,no
20,student,single,secondary,no,130,no,no,telephone,4,may,3,-1,0,unknown,no
35,management,married,tertiary,no,244,yes,no,cellular,19,nov,1,-1,0,unknown,no
32,management,single,tertiary,no,46,no,no,cellular,21,aug,6,-1,0,unknown,yes
55,retired,married,secondary,no,2312,no,no,unknown,12,jun,1,-1,0,unknown,no
52,services,married,secondary,no,657,no,no,telephone,7,jul,2,460,2,failure,yes
30,management,single,tertiary,no,156,yes,no,unknown,9,jun,9,-1,0,unknown,no
29,services,single,secondary,no,887,no,no,cellular,4,feb,1,-1,0,unknown,no
37,admin.,married,secondary,no,1314,yes,no,cellular,22,may,1,14,9,failure,no
32,management,single,tertiary,no,520,no,no,cellular,3,feb,2,-1,0,unknown,yes
34,blue-collar,married,primary,no,425,yes,no,cellular,16,jul,7,-1,0,unknown,no
31,management,married,tertiary,no,303,yes,no,unknown,14,may,1,-1,0,unknown,no
41,technician,single,secondary,no,650,yes,no,cellular,20,nov,3,-1,0,unknown,yes
36,management,married,tertiary,no,4,no,yes,cellular,29,jul,6,-1,0,unknown,no
32,management,married,tertiary,no,71,no,no,cellular,2,feb,1,-1,0,unknown,no
26,services,single,secondary,no,110,no,no,cellular,30,jan,2,-1,0,unknown,yes
53,housemaid,married,unknown,no,0,no,no,cellular,22,aug,1,-1,0,unknown,no
64,management,married,tertiary,no,4688,no,no,cellular,21,oct,1,-1,0,unknown,yes
51,self-employed,married,secondary,no,95,yes,no,cellular,23,jul,4,-1,0,unknown,yes
44,services,married,secondary,no,808,yes,no,unknown,2,jun,2,-1,0,unknown,no
47,admin.,single,secondary,no,3696,no,no,cellular,12,jul,2,181,4,success,yes
30,management,married,tertiary,no,-27,yes,no,unknown,27,may,2,-1,0,unknown,no
36,admin.,single,secondary,no,11174,yes,no,cellular,15,apr,1,-1,0,unknown,yes
46,management,married,secondary,no,5127,no,no,cellular,6,aug,1,-1,0,unknown,no
29,unemployed,single,primary,no,1374,no,no,cellular,14,may,2,178,7,success,yes
36,services,single,secondary,no,99,no,no,unknown,17,jun,9,-1,0,unknown,no
27,admin.,single,secondary,no,125,no,no,cellular,21,jul,1,288,8,failure,no
35,management,married,tertiary,no,43,yes,no,cellular,20,apr,1,-1,0,unknown,yes
36,admin.,married,unknown,no,991,no,no,cellular,14,jan,2,-1,0,unknown,yes
39,management,single,unknown,no,2887,yes,no,unknown,7,may,2,-1,0,unknown,no
34,admin.,single,secondary,no,1504,yes,no,unknown,12,may,3,-1,0,unknown,no
38,admin.,married,tertiary,no,4297,no,no,cellular,7,aug,2,-1,0,unknown,yes
59,blue-collar,married,primary,no,-546,no,no,cellular,25,aug,6,-1,0,unknown,yes
28,blue-collar,single,secondary,no,322,no,no,telephone,11,sep,2,95,3,other,yes
33,self-employed,married,secondary,no,215,yes,no,cellular,29,jul,12,-1,0,unknown,no
49,management,married,tertiary,no,5887,no,no,cellular,4,dec,3,185,5,success,yes
33,management,single,tertiary,no,224,no,no,cellular,23,sep,2,92,4,success,yes
39,management,married,tertiary,no,494,no,no,cellular,9,sep,1,183,5,success,yes
59,admin.,married,secondary,no,106,no,no,cellular,22,may,1,-1,0,unknown,yes
58,management,married,tertiary,no,1227,no,no,cellular,8,sep,2,95,1,success,yes
39,technician,married,secondary,no,251,yes,no,cellular,17,jul,2,-1,0,unknown,yes
41,blue-collar,married,primary,no,6596,yes,no,cellular,20,nov,1,-1,0,unknown,no
38,blue-collar,married,secondary,no,35,yes,no,unknown,28,may,2,-1,0,unknown,no
35,technician,married,secondary,no,1144,no,no,cellular,20,aug,13,-1,0,unknown,no
40,blue-collar,married,secondary,no,-438,no,no,cellular,11,may,1,-1,0,unknown,yes
50,blue-collar,married,unknown,no,2284,yes,no,telephone,31,jul,17,-1,0,unknown,yes
28,admin.,divorced,secondary,no,-504,yes,yes,cellular,14,may,1,-1,0,unknown,yes
31,services,married,secondary,no,593,yes,no,cellular,19,nov,2,-1,0,unknown,no
36,services,married,secondary,no,1177,yes,yes,cellular,3,feb,5,-1,0,unknown,no
40,housemaid,married,secondary,no,949,no,no,cellular,8,aug,1,-1,0,unknown,no
25,student,single,secondary,no,1919,yes,no,cellular,15,may,1,351,4,failure,no
32,management,single,tertiary,no,718,yes,no,cellular,29,dec,1,197,1,success,yes
27,student,single,tertiary,no,3733,yes,no,cellular,22,may,1,98,6,success,yes
22,student,single,tertiary,no,1161,no,yes,cellular,16,jun,1,-1,0,unknown,no
54,admin.,married,tertiary,no,19,no,no,cellular,26,aug,2,-1,0,unknown,no
39,services,single,secondary,no,326,yes,no,unknown,27,may,1,-1,0,unknown,no
58,blue-collar,married,secondary,no,1298,yes,no,unknown,29,may,4,-1,0,unknown,no
30,management,divorced,tertiary,no,415,yes,yes,cellular,6,may,1,343,4,failure,yes
45,management,married,tertiary,no,160,no,no,cellular,30,apr,1,-1,0,unknown,yes
42,technician,single,secondary,no,2036,yes,no,cellular,19,nov,2,-1,0,unknown,no
28,unknown,single,unknown,no,326,no,no,cellular,11,oct,1,231,1,success,yes
32,technician,single,secondary,no,930,yes,no,unknown,21,may,1,-1,0,unknown,no
61,management,married,tertiary,no,477,yes,no,cellular,29,oct,1,520,1,other,yes
31,services,married,secondary,no,28,yes,no,unknown,8,may,1,-1,0,unknown,no
31,unemployed,single,secondary,no,209,yes,no,cellular,6,may,1,-1,0,unknown,no
50,blue-collar,married,primary,no,0,no,no,unknown,9,jun,4,-1,0,unknown,no
50,unemployed,married,secondary,no,297,yes,no,cellular,31,jul,10,-1,0,unknown,no
59,self-employed,married,tertiary,no,2013,no,no,cellular,17,nov,2,-1,0,unknown,yes
41,admin.,single,secondary,no,90,yes,no,cellular,15,may,2,347,4,failure,no
33,services,married,secondary,no,2918,no,yes,cellular,20,nov,2,-1,0,unknown,yes
29,blue-collar,married,secondary,no,0,yes,no,cellular,11,may,6,-1,0,unknown,no
34,technician,married,secondary,no,133,no,no,cellular,12,may,2,181,3,success,yes
35,admin.,single,tertiary,no,994,no,no,cellular,30,apr,1,87,2,failure,yes
49,services,married,secondary,no,486,yes,yes,unknown,30,may,2,-1,0,unknown,no
24,student,single,secondary,no,1234,no,no,cellular,21,jul,1,156,2,success,yes
31,blue-collar,married,secondary,no,43,yes,no,unknown,19,may,3,-1,0,unknown,no
45,admin.,married,secondary,no,149,yes,no,unknown,23,may,3,-1,0,unknown,yes
34,self-employed,single,secondary,no,3,yes,no,unknown,5,may,1,-1,0,unknown,no
36,technician,divorced,secondary,no,1451,yes,no,cellular,23,jul,4,93,17,other,yes
53,services,divorced,secondary,no,765,yes,no,cellular,14,may,3,174,7,other,yes
56,retired,divorced,tertiary,no,13094,no,no,cellular,25,may,1,-1,0,unknown,yes
33,services,married,secondary,no,1697,no,no,cellular,3,nov,1,-1,0,unknown,yes
25,student,single,secondary,no,703,no,no,cellular,5,may,3,-1,0,unknown,no
35,management,divorced,tertiary,no,141,no,yes,cellular,20,nov,1,-1,0,unknown,yes
56,housemaid,single,tertiary,no,1947,no,no,unknown,30,mar,1,-1,0,unknown,yes
41,blue-collar,single,primary,no,0,yes,no,unknown,16,may,5,-1,0,unknown,no
30,blue-collar,married,secondary,no,282,yes,yes,unknown,23,may,2,-1,0,unknown,no
57,entrepreneur,divorced,tertiary,no,873,no,no,unknown,17,jun,3,-1,0,unknown,no
38,management,married,tertiary,no,980,no,no,unknown,3,jun,5,-1,0,unknown,no
52,blue-collar,married,secondary,no,955,no,yes,cellular,17,jun,2,134,4,success,yes
52,blue-collar,married,secondary,no,665,yes,no,unknown,15,may,4,-1,0,unknown,no
31,technician,single,secondary,no,816,no,no,cellular,9,jun,2,-1,0,unknown,no
36,technician,divorced,secondary,no,556,yes,no,cellular,18,nov,3,189,1,failure,no
36,blue-collar,married,secondary,no,1165,yes,no,unknown,13,may,4,-1,0,unknown,yes
52,technician,married,tertiary,no,2557,no,no,cellular,28,jan,5,204,2,success,yes
54,technician,married,secondary,no,827,no,yes,unknown,20,jun,2,-1,0,unknown,no
26,management,married,tertiary,no,775,no,no,unknown,19,may,3,-1,0,unknown,no
48,management,married,tertiary,no,0,yes,no,cellular,6,sep,2,125,6,failure,yes
60,retired,married,secondary,no,7,no,yes,cellular,18,aug,5,-1,0,unknown,no
39,technician,single,secondary,no,1685,yes,no,cellular,8,may,1,368,1,failure,no
37,technician,married,secondary,yes,0,no,no,unknown,18,jun,1,-1,0,unknown,no
47,services,married,secondary,no,2070,yes,yes,unknown,26,may,1,-1,0,unknown,no
33,management,married,secondary,no,3935,yes,no,cellular,6,may,1,342,2,failure,yes
37,admin.,divorced,secondary,no,1573,yes,no,cellular,12,may,3,326,10,failure,no
48,management,married,tertiary,no,157,no,no,cellular,28,jan,4,-1,0,unknown,yes
26,entrepreneur,married,tertiary,yes,144,no,yes,cellular,25,jul,1,-1,0,unknown,no
66,admin.,divorced,secondary,no,220,no,no,cellular,28,aug,1,-1,0,unknown,no
36,admin.,married,secondary,no,953,yes,no,cellular,17,feb,1,-1,0,unknown,no
57,blue-collar,married,secondary,no,1540,yes,no,cellular,17,nov,1,-1,0,unknown,yes
61,retired,married,secondary,no,1058,no,no,cellular,27,jul,2,91,3,success,yes
44,technician,married,secondary,no,0,yes,no,unknown,30,may,3,-1,0,unknown,no
31,admin.,single,tertiary,no,4041,no,no,cellular,30,apr,2,-1,0,unknown,yes
34,admin.,single,secondary,no,303,no,no,cellular,4,jun,3,126,3,failure,yes
48,admin.,married,unknown,no,3756,no,no,cellular,14,aug,10,-1,0,unknown,no
47,technician,divorced,secondary,no,1013,no,no,cellular,15,sep,1,92,3,failure,yes
54,management,married,tertiary,no,1624,no,no,cellular,12,may,3,182,10,success,yes
34,blue-collar,married,secondary,no,-436,yes,no,unknown,26,may,1,-1,0,unknown,no
40,technician,married,secondary,no,-496,no,no,telephone,28,jul,2,-1,0,unknown,no
52,blue-collar,married,secondary,no,2087,yes,no,cellular,31,aug,1,474,1,failure,yes
29,management,single,tertiary,no,268,no,no,cellular,16,apr,1,-1,0,unknown,yes
38,blue-collar,married,secondary,no,360,yes,no,unknown,14,may,2,-1,0,unknown,no
31,technician,divorced,secondary,no,268,no,no,unknown,16,may,2,-1,0,unknown,no
39,services,married,secondary,no,208,no,yes,cellular,9,feb,2,-1,0,unknown,no
38,technician,divorced,secondary,no,902,yes,no,cellular,3,feb,1,-1,0,unknown,yes
40,management,married,tertiary,no,4539,no,no,cellular,13,jul,3,439,1,failure,yes
51,admin.,married,secondary,no,241,no,no,cellular,7,dec,2,-1,0,unknown,yes
48,technician,married,primary,no,235,no,no,cellular,9,sep,2,191,3,success,yes
46,technician,married,secondary,no,1167,yes,no,cellular,21,nov,2,-1,0,unknown,yes
25,services,single,secondary,no,505,no,no,cellular,15,jun,1,-1,0,unknown,yes
43,management,married,tertiary,no,79,no,no,cellular,26,may,1,-1,0,unknown,yes
50,management,single,unknown,no,1277,no,no,cellular,4,may,1,-1,0,unknown,no
30,student,single,secondary,no,1779,no,no,cellular,11,aug,1,433,1,success,yes
19,student,single,secondary,no,329,no,no,cellular,30,apr,1,190,2,success,yes
34,entrepreneur,married,tertiary,no,146,yes,no,cellular,14,jul,2,-1,0,unknown,yes
32,technician,single,tertiary,no,13711,yes,no,cellular,14,may,1,175,3,success,no
45,blue-collar,married,secondary,no,105,yes,yes,unknown,13,may,1,-1,0,unknown,no
58,entrepreneur,married,tertiary,no,853,no,no,unknown,5,jun,2,-1,0,unknown,yes
37,admin.,single,secondary,no,-261,no,yes,cellular,10,jul,1,-1,0,unknown,no
33,management,divorced,tertiary,no,387,no,no,cellular,6,feb,5,-1,0,unknown,no
51,housemaid,divorced,primary,no,127,no,no,unknown,13,sep,1,-1,0,unknown,no
60,retired,married,tertiary,no,108,no,no,cellular,26,aug,1,-1,0,unknown,yes
32,technician,single,tertiary,no,550,no,no,cellular,19,nov,1,-1,0,unknown,yes
47,services,married,secondary,no,1315,no,no,cellular,20,nov,4,-1,0,unknown,yes
32,management,single,tertiary,no,623,no,no,cellular,6,jul,3,194,2,failure,yes
32,technician,married,tertiary,no,15,no,no,cellular,14,may,1,346,1,failure,no
42,technician,married,secondary,no,1013,no,yes,cellular,28,aug,8,-1,0,unknown,no
57,management,married,primary,no,687,yes,yes,telephone,21,jul,3,-1,0,unknown,no
35,unemployed,married,secondary,no,1,yes,no,cellular,28,jul,8,-1,0,unknown,no
37,management,married,tertiary,no,5355,no,no,telephone,17,feb,4,-1,0,unknown,yes
34,management,married,tertiary,no,3402,no,no,cellular,3,jun,2,-1,0,unknown,no
53,management,married,tertiary,no,0,yes,no,cellular,14,jul,3,-1,0,unknown,no
35,management,single,tertiary,no,1750,yes,no,cellular,21,apr,3,-1,0,unknown,yes
37,unemployed,married,tertiary,no,1236,no,no,cellular,29,jul,2,-1,0,unknown,no
43,services,married,secondary,no,-236,yes,no,cellular,28,jul,7,-1,0,unknown,yes
26,unemployed,single,secondary,no,461,no,no,cellular,28,jan,1,-1,0,unknown,no
28,services,single,secondary,no,6332,yes,no,telephone,7,may,1,343,4,failure,no
28,technician,single,secondary,no,631,no,no,cellular,29,apr,7,-1,0,unknown,no
32,management,married,tertiary,no,134,no,yes,cellular,29,aug,2,-1,0,unknown,no
59,management,married,tertiary,yes,782,no,yes,cellular,13,aug,2,-1,0,unknown,no
50,blue-collar,married,primary,no,280,yes,no,unknown,18,jun,23,-1,0,unknown,no
41,self-employed,single,tertiary,no,-94,yes,no,cellular,4,feb,1,203,1,failure,yes
34,management,married,tertiary,no,611,no,no,cellular,2,jun,1,-1,0,unknown,yes
46,services,married,primary,no,4343,yes,no,unknown,20,sep,1,-1,0,unknown,yes
36,blue-collar,married,unknown,no,1023,yes,no,cellular,4,feb,2,-1,0,unknown,no
42,blue-collar,married,primary,no,1556,no,yes,cellular,8,jul,1,-1,0,unknown,no
36,management,married,tertiary,no,3770,yes,no,cellular,31,jul,4,-1,0,unknown,no
35,unemployed,single,secondary,no,127,yes,no,telephone,14,nov,1,-1,0,unknown,yes
51,unemployed,married,secondary,no,234,no,no,cellular,22,aug,1,-1,0,unknown,yes
48,blue-collar,married,unknown,no,113,no,no,cellular,11,aug,13,-1,0,unknown,no
32,blue-collar,single,secondary,no,15341,no,no,unknown,21,may,3,-1,0,unknown,no
34,admin.,married,secondary,no,445,no,no,cellular,19,aug,2,-1,0,unknown,no
56,technician,single,primary,no,145,yes,no,telephone,6,feb,2,9,2,other,no
27,blue-collar,single,primary,no,431,yes,no,unknown,15,may,2,-1,0,unknown,no
39,admin.,single,secondary,no,2345,yes,no,cellular,8,may,2,344,2,failure,yes
41,technician,married,unknown,no,30,yes,no,cellular,10,jul,1,-1,0,unknown,no
49,services,married,secondary,no,280,yes,no,telephone,14,jul,3,-1,0,unknown,no
26,blue-collar,single,secondary,no,82,yes,no,unknown,9,may,1,-1,0,unknown,yes
40,blue-collar,divorced,primary,no,737,yes,yes,unknown,12,may,1,-1,0,unknown,no
36,technician,single,secondary,no,2511,yes,no,cellular,16,apr,5,-1,0,unknown,yes
53,services,married,secondary,no,6170,no,no,cellular,13,aug,4,-1,0,unknown,yes
42,management,single,tertiary,no,11891,no,no,cellular,6,apr,1,-1,0,unknown,yes
26,technician,single,secondary,yes,-454,no,yes,cellular,18,jul,2,-1,0,unknown,no
41,housemaid,married,primary,no,0,no,no,cellular,14,apr,1,-1,0,unknown,yes
54,management,married,tertiary,no,1938,yes,no,telephone,31,jul,7,-1,0,unknown,no
50,blue-collar,married,primary,no,4979,no,no,telephone,6,apr,1,-1,0,unknown,yes
26,admin.,single,tertiary,no,313,no,yes,cellular,2,jun,1,96,2,success,yes
49,technician,married,secondary,no,2400,no,no,cellular,21,oct,3,-1,0,unknown,no
29,self-employed,married,secondary,no,425,yes,no,unknown,5,jun,15,-1,0,unknown,yes
58,management,married,tertiary,no,256,no,no,cellular,10,dec,1,188,3,success,yes
28,self-employed,married,tertiary,no,120,yes,yes,unknown,8,may,3,-1,0,unknown,no
59,retired,divorced,tertiary,no,3444,no,no,cellular,6,feb,2,-1,0,unknown,yes
41,blue-collar,married,secondary,no,5517,yes,no,cellular,10,jul,1,-1,0,unknown,yes
33,admin.,married,secondary,no,920,no,no,cellular,30,apr,1,-1,0,unknown,yes
49,technician,single,unknown,no,443,no,no,unknown,20,jun,11,-1,0,unknown,no
42,blue-collar,married,primary,no,0,no,no,unknown,20,jun,2,-1,0,unknown,no
37,management,divorced,tertiary,no,1775,no,no,cellular,15,jul,5,-1,0,unknown,yes
27,services,single,secondary,no,353,yes,no,cellular,15,may,1,-1,0,unknown,yes
32,student,single,unknown,no,1583,yes,no,unknown,20,may,1,-1,0,unknown,no
32,technician,single,secondary,no,129,yes,no,cellular,7,may,1,-1,0,unknown,no
33,management,single,tertiary,no,0,no,no,cellular,11,aug,7,-1,0,unknown,yes
55,blue-collar,married,secondary,no,467,no,no,cellular,25,aug,5,-1,0,unknown,no
34,admin.,married,secondary,no,124,yes,no,telephone,14,may,4,366,2,other,yes
59,admin.,married,secondary,no,3735,no,no,cellular,17,jun,3,91,6,success,yes
72,self-employed,married,tertiary,no,132,no,no,cellular,27,apr,1,-1,0,unknown,yes
56,technician,single,secondary,no,3499,yes,no,unknown,29,may,3,-1,0,unknown,no
31,blue-collar,married,primary,no,-454,yes,yes,unknown,28,may,2,-1,0,unknown,no
27,student,single,tertiary,no,118,no,no,cellular,31,aug,3,98,1,failure,yes
27,services,single,secondary,no,194,yes,no,unknown,16,may,1,-1,0,unknown,no
29,student,single,unknown,no,10332,no,no,cellular,2,nov,3,-1,0,unknown,yes
22,services,single,secondary,no,344,yes,no,cellular,18,may,1,-1,0,unknown,yes
55,retired,married,tertiary,no,2929,no,no,unknown,16,jun,3,-1,0,unknown,no
26,blue-collar,married,primary,no,133,no,yes,cellular,25,jul,3,-1,0,unknown,no
42,management,married,unknown,no,1519,no,no,cellular,19,oct,1,92,1,success,yes
32,admin.,married,secondary,no,337,no,no,cellular,15,may,3,368,1,failure,no
38,admin.,married,tertiary,no,1988,no,no,cellular,2,jun,1,67,4,success,yes
34,unemployed,married,secondary,no,428,yes,no,cellular,7,apr,2,267,3,other,no
32,management,single,tertiary,no,0,no,no,cellular,22,aug,2,-1,0,unknown,no
31,technician,single,secondary,no,4888,yes,no,telephone,5,may,4,166,2,failure,no
35,technician,married,secondary,no,545,yes,no,cellular,16,apr,1,234,4,failure,yes
59,retired,married,primary,no,1423,yes,no,unknown,15,may,2,-1,0,unknown,no
50,admin.,married,secondary,no,10250,yes,no,cellular,7,dec,3,385,2,other,yes
54,management,divorced,tertiary,no,487,yes,no,unknown,21,may,4,-1,0,unknown,yes
42,self-employed,married,secondary,no,0,no,no,cellular,14,aug,4,-1,0,unknown,no
43,services,divorced,secondary,no,313,yes,no,cellular,8,may,2,-1,0,unknown,no
45,management,divorced,tertiary,no,2813,yes,no,cellular,13,may,1,-1,0,unknown,no
69,retired,married,primary,no,324,no,no,cellular,4,feb,4,-1,0,unknown,yes
38,services,married,secondary,no,-314,yes,no,unknown,28,may,2,-1,0,unknown,no
31,services,single,secondary,no,900,yes,no,cellular,9,apr,2,140,6,failure,no
79,retired,married,secondary,no,8304,no,no,telephone,9,mar,9,-1,0,unknown,yes
76,retired,married,secondary,no,2302,no,no,telephone,5,feb,1,87,2,failure,no
35,blue-collar,married,secondary,no,1949,yes,no,unknown,2,jun,3,-1,0,unknown,no
37,self-employed,divorced,tertiary,no,1513,no,no,unknown,30,may,1,-1,0,unknown,no
39,blue-collar,single,secondary,no,522,yes,no,telephone,14,may,7,350,2,failure,no
45,entrepreneur,married,tertiary,no,219,yes,yes,cellular,28,jul,4,-1,0,unknown,no
51,management,married,tertiary,no,-321,no,no,cellular,6,feb,2,9,2,other,no
39,services,married,secondary,no,0,yes,no,cellular,8,may,1,-1,0,unknown,no
33,blue-collar,married,secondary,no,-81,yes,no,cellular,29,jan,2,-1,0,unknown,no
42,admin.,divorced,secondary,no,-249,yes,no,cellular,14,jul,3,-1,0,unknown,no
41,technician,single,tertiary,no,145,no,no,cellular,22,jul,2,-1,0,unknown,yes
53,blue-collar,married,primary,no,5603,no,no,cellular,28,aug,6,-1,0,unknown,yes
29,services,single,secondary,no,1934,no,no,cellular,29,sep,1,-1,0,unknown,yes
32,blue-collar,single,primary,no,12198,yes,no,cellular,18,may,1,-1,0,unknown,yes
49,blue-collar,married,secondary,no,-454,yes,no,cellular,14,may,1,-1,0,unknown,yes
35,blue-collar,married,primary,no,414,no,no,unknown,13,may,4,-1,0,unknown,yes
34,admin.,divorced,primary,no,9569,yes,no,unknown,9,may,2,-1,0,unknown,no
31,blue-collar,married,secondary,no,0,yes,no,unknown,10,aug,1,782,1,other,yes
45,blue-collar,married,primary,yes,-443,yes,yes,cellular,20,apr,1,-1,0,unknown,yes
32,technician,single,unknown,no,317,yes,no,unknown,21,may,2,-1,0,unknown,no
31,services,married,secondary,no,505,no,no,cellular,11,jul,3,-1,0,unknown,no
42,entrepreneur,married,secondary,no,169,yes,no,telephone,15,may,4,-1,0,unknown,no
79,retired,married,primary,no,3025,no,no,cellular,11,dec,3,126,3,other,yes
33,blue-collar,married,primary,no,195,no,no,cellular,16,nov,5,-1,0,unknown,yes
60,self-employed,married,primary,no,46,yes,no,unknown,6,may,4,-1,0,unknown,no
41,admin.,divorced,secondary,no,1967,yes,no,cellular,18,may,1,341,1,failure,no
52,blue-collar,married,secondary,no,1027,no,no,cellular,23,jul,1,-1,0,unknown,no
28,technician,single,secondary,no,113,no,no,cellular,13,aug,3,105,1,failure,yes
49,technician,single,secondary,no,-188,yes,yes,cellular,17,nov,1,-1,0,unknown,yes
33,technician,married,secondary,no,1968,yes,no,cellular,20,apr,3,-1,0,unknown,yes
34,technician,married,secondary,no,0,yes,no,cellular,3,aug,1,470,2,failure,yes
52,management,married,tertiary,no,31,no,no,cellular,10,mar,1,-1,0,unknown,yes
40,services,married,primary,no,-9,yes,no,unknown,15,may,2,-1,0,unknown,yes
51,blue-collar,married,primary,no,541,no,no,cellular,11,aug,3,-1,0,unknown,yes
38,blue-collar,married,primary,no,132,yes,no,cellular,14,may,2,-1,0,unknown,no
26,technician,single,tertiary,no,686,yes,no,unknown,30,may,2,-1,0,unknown,no
74,retired,married,secondary,no,935,no,no,cellular,25,oct,1,173,3,success,yes
30,self-employed,married,tertiary,no,1785,no,no,unknown,17,oct,1,-1,0,unknown,yes
34,admin.,married,tertiary,no,69,no,yes,cellular,3,aug,3,251,3,success,yes
80,retired,married,primary,no,1861,no,no,telephone,14,apr,2,-1,0,unknown,no
26,services,single,secondary,no,136,no,no,cellular,20,apr,1,-1,0,unknown,yes
41,services,married,secondary,no,241,yes,yes,unknown,4,jun,1,-1,0,unknown,no
24,student,single,secondary,no,1123,no,no,cellular,13,jul,1,412,1,other,yes
49,self-employed,married,secondary,no,2061,yes,yes,unknown,30,may,3,-1,0,unknown,no
46,management,married,tertiary,no,242,no,no,cellular,4,aug,2,96,1,success,yes
35,services,married,secondary,no,341,yes,no,cellular,14,may,1,-1,0,unknown,yes
40,services,married,secondary,no,-116,yes,no,unknown,29,may,3,-1,0,unknown,no
28,technician,single,tertiary,no,4987,no,no,cellular,2,jun,2,113,21,success,yes
27,admin.,single,unknown,no,5,yes,no,cellular,17,jul,2,-1,0,unknown,no
34,management,married,secondary,no,369,no,no,cellular,2,aug,3,342,4,failure,yes
50,management,married,tertiary,no,469,no,no,cellular,16,oct,1,183,1,success,yes
31,admin.,married,secondary,no,8784,yes,no,unknown,21,may,2,-1,0,unknown,no
32,management,married,secondary,no,1477,yes,no,cellular,18,nov,1,-1,0,unknown,no
55,blue-collar,married,primary,no,-79,no,yes,unknown,27,jun,3,-1,0,unknown,no
44,technician,divorced,tertiary,no,9192,yes,no,unknown,6,jun,3,-1,0,unknown,no
40,technician,divorced,tertiary,no,0,no,no,unknown,17,jun,1,-1,0,unknown,yes
24,blue-collar,married,secondary,no,685,yes,no,unknown,26,may,3,-1,0,unknown,yes
56,management,married,primary,no,-155,yes,no,cellular,17,nov,1,-1,0,unknown,no
41,management,married,tertiary,no,-556,yes,yes,unknown,26,may,3,-1,0,unknown,no
38,housemaid,divorced,secondary,no,70,no,no,cellular,27,oct,3,148,1,success,yes
39,management,single,tertiary,no,5047,no,no,cellular,29,apr,4,-1,0,unknown,yes
30,technician,divorced,secondary,no,3100,yes,no,unknown,21,may,4,-1,0,unknown,no
47,blue-collar,married,secondary,no,820,no,no,cellular,19,oct,1,-1,0,unknown,yes
45,unknown,married,primary,no,44,no,no,unknown,11,jun,1,-1,0,unknown,no
28,admin.,single,tertiary,no,832,no,no,telephone,29,mar,3,342,1,failure,yes
42,blue-collar,married,primary,no,205,yes,no,cellular,17,apr,1,-1,0,unknown,no
31,admin.,married,secondary,no,307,yes,no,unknown,9,may,1,-1,0,unknown,yes
55,management,married,unknown,no,559,no,no,cellular,28,jan,2,-1,0,unknown,no
54,blue-collar,married,primary,no,950,yes,no,unknown,15,may,2,-1,0,unknown,no
31,management,married,tertiary,no,0,no,no,cellular,26,aug,2,-1,0,unknown,no
60,admin.,single,secondary,no,473,no,no,cellular,5,feb,2,8,1,other,no
39,management,single,tertiary,no,2258,yes,no,cellular,31,jul,2,-1,0,unknown,no
58,management,married,tertiary,no,96,no,no,cellular,21,nov,1,-1,0,unknown,yes
29,blue-collar,married,secondary,no,-28,yes,no,unknown,12,may,1,-1,0,unknown,no
57,technician,married,secondary,no,589,yes,no,cellular,28,jan,1,244,1,other,no
45,blue-collar,married,secondary,no,61,yes,no,unknown,26,may,4,-1,0,unknown,yes
52,admin.,married,secondary,no,484,yes,no,unknown,6,may,1,-1,0,unknown,no
30,self-employed,single,secondary,no,280,no,no,telephone,5,may,3,-1,0,unknown,no
27,technician,divorced,secondary,no,21,yes,no,cellular,18,may,1,356,1,failure,no
33,management,married,tertiary,no,1514,no,no,cellular,10,aug,1,728,2,failure,yes
48,management,married,tertiary,no,190,no,no,cellular,25,aug,22,-1,0,unknown,no
43,management,married,tertiary,no,0,yes,no,cellular,5,feb,2,-1,0,unknown,no
26,student,single,tertiary,no,39,no,no,cellular,26,may,3,-1,0,unknown,yes
27,technician,single,secondary,no,643,no,no,cellular,13,jul,1,-1,0,unknown,yes
22,student,single,secondary,no,254,no,no,cellular,13,jan,2,-1,0,unknown,yes
39,blue-collar,married,primary,no,766,yes,no,unknown,3,jun,3,-1,0,unknown,no
38,management,married,tertiary,no,613,no,no,cellular,3,feb,1,-1,0,unknown,yes
41,technician,divorced,secondary,no,1631,yes,no,cellular,12,aug,2,-1,0,unknown,no
33,management,married,tertiary,no,62,yes,no,cellular,2,feb,1,264,1,failure,no
39,admin.,divorced,secondary,no,32,no,yes,unknown,20,jun,10,-1,0,unknown,no
54,management,married,tertiary,no,1014,no,yes,cellular,30,apr,1,162,2,failure,yes
57,retired,married,primary,no,207,yes,no,unknown,8,may,1,-1,0,unknown,no
58,management,married,tertiary,no,2261,yes,no,cellular,3,jun,1,391,1,failure,no
37,entrepreneur,married,tertiary,no,342,yes,no,unknown,6,jun,1,-1,0,unknown,no
30,admin.,single,secondary,no,3528,no,no,cellular,4,aug,1,92,2,failure,yes
38,admin.,divorced,secondary,no,0,yes,no,cellular,21,jul,1,-1,0,unknown,no
35,technician,single,tertiary,no,1880,no,no,cellular,20,may,1,-1,0,unknown,yes
29,admin.,single,secondary,no,731,no,no,cellular,14,apr,3,-1,0,unknown,yes
72,retired,married,secondary,no,1533,no,no,cellular,16,dec,2,-1,0,unknown,yes
55,blue-collar,married,secondary,no,2059,yes,no,cellular,11,may,1,259,4,failure,no
44,blue-collar,married,unknown,no,1529,yes,no,cellular,30,apr,1,-1,0,unknown,yes
53,housemaid,divorced,secondary,no,292,no,no,unknown,12,jun,2,-1,0,unknown,no
34,technician,married,secondary,no,-259,yes,no,unknown,27,may,2,-1,0,unknown,no
25,blue-collar,single,primary,no,17,yes,no,unknown,13,may,2,-1,0,unknown,no
32,blue-collar,married,unknown,no,1267,yes,no,cellular,18,may,2,-1,0,unknown,no
59,retired,divorced,secondary,no,1,no,no,cellular,19,aug,1,-1,0,unknown,yes
51,admin.,divorced,secondary,no,340,yes,no,unknown,8,may,1,-1,0,unknown,no
43,admin.,married,secondary,no,2271,no,no,telephone,10,nov,1,-1,0,unknown,yes
60,admin.,divorced,secondary,no,683,no,no,cellular,8,nov,1,-1,0,unknown,no
38,student,single,tertiary,no,3316,no,no,unknown,17,jun,3,-1,0,unknown,yes
27,unknown,single,unknown,no,326,no,no,cellular,22,feb,1,-1,0,unknown,yes
35,technician,single,unknown,no,726,yes,no,cellular,5,may,1,-1,0,unknown,no
67,management,married,tertiary,no,405,no,no,cellular,7,aug,2,-1,0,unknown,yes
44,unemployed,divorced,tertiary,no,0,no,no,cellular,5,feb,3,-1,0,unknown,yes
28,management,single,tertiary,no,890,yes,no,cellular,7,sep,1,-1,0,unknown,yes
37,management,single,tertiary,no,876,yes,no,cellular,15,apr,4,327,2,failure,no
29,services,married,secondary,no,363,yes,no,cellular,15,may,1,-1,0,unknown,no
34,technician,married,tertiary,no,23076,no,no,cellular,26,may,2,35,6,other,yes
21,blue-collar,married,primary,no,-172,yes,yes,cellular,15,may,1,361,3,failure,yes
33,management,single,tertiary,no,561,no,no,cellular,7,apr,1,-1,0,unknown,no
44,blue-collar,married,primary,no,2,no,yes,telephone,7,jul,2,-1,0,unknown,no
42,services,divorced,secondary,no,444,no,no,cellular,21,nov,1,-1,0,unknown,no
37,technician,married,secondary,no,480,no,no,cellular,22,oct,2,182,8,other,yes
36,services,married,secondary,no,52,yes,no,cellular,7,sep,1,95,6,success,yes
38,blue-collar,married,secondary,no,468,yes,no,unknown,8,may,2,-1,0,unknown,no
44,technician,divorced,secondary,no,314,yes,no,unknown,12,aug,1,651,1,success,no
49,management,divorced,tertiary,no,300,no,no,cellular,21,jul,1,-1,0,unknown,yes
34,management,married,tertiary,no,2374,yes,yes,cellular,18,jun,2,314,2,failure,yes
32,technician,single,tertiary,no,723,no,no,cellular,28,aug,27,-1,0,unknown,no
34,management,single,tertiary,no,417,yes,no,cellular,5,aug,1,174,15,failure,yes
48,retired,married,tertiary,no,4,no,yes,cellular,23,jul,5,-1,0,unknown,no
56,housemaid,divorced,primary,yes,1238,no,no,unknown,5,jun,1,-1,0,unknown,yes
43,technician,single,secondary,no,451,no,no,cellular,12,aug,2,-1,0,unknown,yes
41,blue-collar,married,unknown,no,732,yes,no,unknown,16,may,1,-1,0,unknown,no
31,technician,single,tertiary,no,279,yes,no,unknown,13,may,1,-1,0,unknown,no
42,management,married,primary,no,5310,yes,no,cellular,22,may,2,186,1,success,yes
33,technician,single,secondary,no,3499,yes,no,cellular,11,may,3,356,1,other,no
26,unemployed,single,tertiary,no,2170,no,no,cellular,3,feb,1,-1,0,unknown,no
29,management,single,tertiary,no,1566,yes,no,unknown,4,jun,1,-1,0,unknown,no
21,student,single,tertiary,no,1258,no,no,cellular,7,jul,1,-1,0,unknown,no
40,technician,married,tertiary,no,1293,no,no,cellular,16,sep,3,105,2,success,yes
38,management,divorced,tertiary,no,4335,yes,no,cellular,20,nov,1,-1,0,unknown,no
55,technician,divorced,tertiary,no,0,no,no,cellular,17,nov,2,91,1,success,yes
37,technician,single,secondary,no,6714,yes,no,unknown,23,may,1,-1,0,unknown,no
30,blue-collar,single,secondary,no,161,no,yes,telephone,8,sep,3,-1,0,unknown,yes
56,blue-collar,married,secondary,no,448,yes,yes,cellular,17,may,1,181,2,other,yes
35,unemployed,married,secondary,no,2228,no,no,unknown,19,jun,2,-1,0,unknown,no
28,self-employed,single,tertiary,no,4579,no,no,cellular,12,jan,2,-1,0,unknown,yes
30,student,single,tertiary,no,2766,no,no,cellular,21,nov,1,-1,0,unknown,yes
30,admin.,single,tertiary,no,311,no,no,cellular,31,mar,2,-1,0,unknown,yes
33,services,married,secondary,no,114,no,yes,unknown,3,jul,1,-1,0,unknown,yes
58,unknown,married,unknown,no,1547,no,no,telephone,5,aug,4,-1,0,unknown,yes
22,student,single,secondary,no,144,no,no,cellular,21,aug,1,-1,0,unknown,yes
44,admin.,single,secondary,no,1534,no,no,cellular,7,aug,1,99,2,other,yes
31,blue-collar,married,secondary,no,4471,yes,no,unknown,9,may,2,-1,0,unknown,no
32,self-employed,single,tertiary,no,0,yes,no,cellular,6,may,1,-1,0,unknown,yes
82,retired,divorced,primary,no,0,no,no,telephone,15,mar,2,195,1,other,yes
31,management,married,tertiary,no,676,no,no,cellular,7,aug,1,-1,0,unknown,yes
28,blue-collar,single,secondary,no,643,no,no,cellular,3,jul,2,-1,0,unknown,yes
32,technician,single,tertiary,no,1710,yes,no,cellular,15,may,1,175,3,other,no
31,technician,single,secondary,no,137,no,no,cellular,27,aug,14,-1,0,unknown,no
46,blue-collar,married,primary,no,143,yes,no,unknown,7,may,1,-1,0,unknown,no
64,retired,married,secondary,no,3189,no,no,telephone,15,jun,1,-1,0,unknown,yes
47,blue-collar,married,primary,no,673,yes,yes,unknown,6,jun,4,-1,0,unknown,no
36,management,single,tertiary,yes,-508,yes,no,cellular,17,apr,2,-1,0,unknown,no
28,management,single,tertiary,no,1287,yes,no,cellular,26,feb,1,-1,0,unknown,yes
33,blue-collar,married,primary,no,0,no,no,cellular,8,may,1,-1,0,unknown,no
27,student,single,secondary,no,111,no,no,cellular,7,jul,2,-1,0,unknown,yes
46,blue-collar,married,primary,no,-271,yes,no,cellular,25,jul,2,-1,0,unknown,no
35,blue-collar,married,primary,no,623,yes,no,cellular,6,may,2,-1,0,unknown,no
39,blue-collar,married,secondary,no,5222,yes,no,unknown,28,may,1,-1,0,unknown,no
53,management,divorced,tertiary,no,50,yes,no,cellular,15,may,1,337,3,failure,yes
39,management,married,tertiary,no,297,yes,no,cellular,13,may,2,-1,0,unknown,yes
40,housemaid,single,tertiary,no,7441,no,no,cellular,31,jul,6,-1,0,unknown,yes
52,technician,divorced,secondary,no,1005,yes,no,cellular,2,jun,1,-1,0,unknown,yes
61,retired,married,secondary,no,2917,no,no,cellular,6,oct,1,-1,0,unknown,yes
33,blue-collar,married,secondary,no,0,no,no,cellular,29,jul,6,-1,0,unknown,yes
30,self-employed,single,tertiary,no,2593,no,no,unknown,27,may,7,-1,0,unknown,no
34,services,married,secondary,no,-538,yes,no,unknown,26,may,1,-1,0,unknown,yes
24,self-employed,single,tertiary,no,931,yes,no,unknown,28,may,4,-1,0,unknown,no
33,management,single,tertiary,no,349,no,no,cellular,22,aug,1,-1,0,unknown,no
34,unknown,single,secondary,no,859,no,no,cellular,28,jan,1,-1,0,unknown,yes
47,self-employed,married,tertiary,no,0,no,no,telephone,21,nov,1,-1,0,unknown,no
30,technician,single,secondary,no,86,no,no,unknown,20,aug,1,-1,0,unknown,no
32,self-employed,single,tertiary,no,386,yes,no,cellular,18,nov,1,-1,0,unknown,yes
55,retired,divorced,secondary,no,1580,no,yes,unknown,19,jun,1,-1,0,unknown,yes
27,services,single,secondary,no,-151,no,no,cellular,8,jul,2,-1,0,unknown,no
26,blue-collar,single,primary,no,102,yes,no,unknown,16,may,1,-1,0,unknown,no
27,self-employed,single,tertiary,no,147,no,no,cellular,22,jun,5,-1,0,unknown,no
46,unknown,married,unknown,no,2911,no,no,telephone,7,jul,9,-1,0,unknown,no
46,technician,divorced,secondary,no,-90,no,yes,telephone,17,oct,1,-1,0,unknown,yes
28,blue-collar,single,secondary,no,1705,no,no,cellular,17,dec,2,-1,0,unknown,yes
31,services,single,secondary,no,222,yes,no,cellular,13,may,2,-1,0,unknown,no
47,technician,divorced,secondary,no,2836,no,yes,cellular,14,aug,2,-1,0,unknown,no
49,management,single,tertiary,no,5689,no,no,cellular,31,aug,1,97,3,failure,yes
32,technician,married,secondary,no,5,yes,no,cellular,17,nov,1,-1,0,unknown,no
46,technician,married,secondary,no,332,yes,no,unknown,9,may,1,-1,0,unknown,yes
26,technician,single,tertiary,no,15161,no,no,cellular,2,feb,1,-1,0,unknown,yes
24,student,single,primary,no,0,no,no,unknown,5,jun,26,-1,0,unknown,no
31,technician,single,secondary,no,863,yes,no,cellular,3,feb,1,263,5,success,no
47,technician,divorced,secondary,no,84,no,no,cellular,8,aug,2,-1,0,unknown,no
29,management,single,unknown,no,698,no,no,cellular,8,feb,1,-1,0,unknown,no
40,admin.,single,secondary,no,664,no,no,cellular,21,jul,2,-1,0,unknown,yes
43,entrepreneur,married,secondary,no,104,yes,no,cellular,18,jul,3,-1,0,unknown,yes
44,blue-collar,married,secondary,no,294,yes,no,unknown,19,may,2,-1,0,unknown,no
49,technician,divorced,secondary,no,2677,yes,yes,cellular,31,jul,3,-1,0,unknown,no
34,technician,married,secondary,no,1035,no,no,cellular,25,aug,10,-1,0,unknown,yes
73,retired,married,primary,no,542,no,no,telephone,29,apr,5,-1,0,unknown,no
31,blue-collar,married,secondary,no,1406,yes,yes,cellular,13,apr,2,-1,0,unknown,yes
37,management,married,tertiary,no,636,no,yes,unknown,5,jun,2,-1,0,unknown,no
40,technician,married,secondary,no,2266,no,no,cellular,16,oct,1,147,5,failure,yes
34,technician,married,secondary,no,260,yes,no,cellular,17,apr,2,238,2,failure,no
35,technician,single,primary,no,744,yes,no,cellular,7,apr,1,-1,0,unknown,no
33,technician,married,secondary,no,557,no,no,cellular,4,may,1,-1,0,unknown,yes
54,housemaid,married,primary,no,127,no,no,cellular,19,aug,4,-1,0,unknown,no
55,services,single,secondary,no,-40,yes,no,unknown,12,may,2,-1,0,unknown,no
57,management,married,primary,no,2538,no,yes,telephone,17,jul,2,-1,0,unknown,no
40,technician,married,secondary,no,2338,no,no,cellular,16,oct,2,-1,0,unknown,yes
62,retired,married,tertiary,no,2557,yes,no,cellular,10,nov,1,57,8,success,yes
33,technician,married,secondary,no,0,no,no,cellular,19,aug,3,-1,0,unknown,no
47,admin.,married,secondary,no,1265,no,no,cellular,7,aug,2,-1,0,unknown,no
44,admin.,divorced,secondary,no,2999,yes,no,cellular,14,may,1,-1,0,unknown,yes
57,retired,married,tertiary,no,34,no,yes,cellular,28,jan,1,-1,0,unknown,no
39,services,married,secondary,no,1179,no,no,cellular,25,may,1,-1,0,unknown,yes
28,unemployed,married,secondary,no,863,yes,yes,unknown,27,may,1,-1,0,unknown,no
43,blue-collar,married,primary,no,18,yes,no,cellular,14,may,2,370,3,other,no
49,technician,married,primary,no,230,yes,no,unknown,8,may,1,-1,0,unknown,no
49,entrepreneur,married,secondary,no,687,no,no,cellular,18,aug,6,-1,0,unknown,no
43,blue-collar,married,primary,no,0,yes,no,unknown,20,may,1,-1,0,unknown,no
41,blue-collar,married,secondary,no,-190,no,yes,cellular,29,jul,3,-1,0,unknown,yes
32,management,married,tertiary,no,302,yes,yes,unknown,23,feb,1,384,2,failure,yes
38,self-employed,married,secondary,no,138,no,no,unknown,9,may,3,-1,0,unknown,no
47,technician,divorced,secondary,no,191,no,no,cellular,19,aug,5,-1,0,unknown,no
45,services,married,secondary,no,0,no,no,cellular,11,jul,2,-1,0,unknown,no
50,entrepreneur,married,tertiary,no,-168,yes,no,cellular,23,jul,2,-1,0,unknown,yes
45,blue-collar,married,secondary,no,10252,no,no,cellular,22,sep,1,141,2,success,yes
37,technician,single,tertiary,no,197,no,no,cellular,15,feb,1,91,2,success,yes
34,technician,single,secondary,no,2729,yes,no,cellular,18,nov,1,-1,0,unknown,yes
66,housemaid,married,secondary,no,1929,no,no,cellular,2,feb,1,-1,0,unknown,no
48,admin.,divorced,secondary,no,83,yes,no,cellular,13,may,1,-1,0,unknown,yes
33,management,single,unknown,no,1534,yes,no,cellular,11,jul,2,-1,0,unknown,yes
58,self-employed,married,tertiary,no,-364,yes,no,unknown,5,may,1,-1,0,unknown,no
56,self-employed,married,secondary,no,784,no,yes,cellular,30,jul,2,-1,0,unknown,no
31,services,single,secondary,no,181,no,no,cellular,13,nov,2,93,2,success,yes
49,management,married,tertiary,no,7007,no,no,cellular,17,nov,2,-1,0,unknown,no
35,technician,married,secondary,no,249,no,no,cellular,21,aug,8,-1,0,unknown,no
32,management,married,secondary,no,6217,yes,yes,cellular,18,nov,2,181,2,failure,no
42,technician,divorced,tertiary,no,2611,yes,no,cellular,25,jun,1,389,3,failure,yes
46,management,married,tertiary,no,229,yes,no,unknown,5,may,1,-1,0,unknown,no
48,management,married,tertiary,no,3842,no,no,cellular,1,jun,2,-1,0,unknown,yes
31,admin.,single,secondary,no,430,yes,no,cellular,15,apr,2,-1,0,unknown,no
60,retired,married,primary,no,71,no,no,cellular,10,jul,3,-1,0,unknown,no
35,technician,single,tertiary,no,33,no,no,cellular,29,aug,2,-1,0,unknown,no
30,blue-collar,single,primary,no,395,no,no,cellular,21,nov,1,-1,0,unknown,no
34,management,married,tertiary,no,101,yes,no,cellular,13,aug,5,-1,0,unknown,no
45,management,divorced,secondary,no,644,yes,no,cellular,19,nov,1,168,1,success,yes
24,technician,single,secondary,no,403,no,no,unknown,17,jun,1,-1,0,unknown,yes
68,retired,married,secondary,no,1146,no,no,cellular,3,mar,2,110,3,success,yes
60,self-employed,married,tertiary,no,10861,no,no,cellular,9,nov,1,91,2,failure,yes
66,retired,divorced,unknown,no,53,no,no,cellular,12,jul,4,-1,0,unknown,yes
60,blue-collar,married,primary,no,5,no,no,cellular,29,jan,1,92,1,success,yes
36,services,married,primary,no,0,yes,no,unknown,2,jun,1,-1,0,unknown,yes
36,technician,married,tertiary,no,571,yes,yes,cellular,31,jul,3,-1,0,unknown,no
33,blue-collar,divorced,unknown,yes,-274,yes,yes,cellular,17,apr,2,329,2,failure,yes
85,retired,married,unknown,no,1934,no,no,telephone,12,jan,1,-1,0,unknown,no
41,technician,married,secondary,no,0,no,no,cellular,29,aug,2,-1,0,unknown,no
57,retired,married,tertiary,no,11254,no,no,cellular,30,jul,2,-1,0,unknown,no
23,technician,single,secondary,no,598,no,no,cellular,11,nov,1,195,1,failure,yes
46,blue-collar,divorced,primary,no,916,yes,no,cellular,11,may,2,-1,0,unknown,no
57,admin.,married,secondary,no,403,yes,no,cellular,18,may,1,340,2,other,yes
30,technician,divorced,secondary,no,3100,yes,no,cellular,20,nov,1,183,4,failure,no
40,blue-collar,married,secondary,no,-839,yes,yes,cellular,16,jul,2,-1,0,unknown,yes
35,blue-collar,single,secondary,no,487,yes,no,unknown,15,may,1,-1,0,unknown,no
48,unknown,married,unknown,no,3,no,no,cellular,19,aug,2,-1,0,unknown,no
31,unemployed,married,secondary,no,86,yes,yes,unknown,3,jun,2,-1,0,unknown,yes
30,blue-collar,single,secondary,no,228,no,no,cellular,5,feb,1,365,1,failure,no
61,retired,married,primary,no,197,no,no,cellular,17,feb,1,-1,0,unknown,yes
45,management,married,tertiary,no,547,no,no,cellular,2,feb,1,-1,0,unknown,yes
50,blue-collar,married,primary,no,5872,yes,no,cellular,5,may,3,-1,0,unknown,yes
39,blue-collar,single,secondary,no,1672,yes,no,cellular,20,apr,1,648,1,failure,yes
40,technician,married,secondary,no,40,yes,no,cellular,21,nov,1,-1,0,unknown,no
22,student,single,primary,no,3472,no,no,cellular,19,apr,1,181,4,success,yes
49,technician,divorced,secondary,no,-236,yes,no,unknown,26,may,2,-1,0,unknown,no
47,admin.,married,secondary,no,3676,no,no,cellular,18,oct,1,95,3,success,yes
32,management,married,tertiary,no,169,no,no,telephone,14,aug,2,-1,0,unknown,yes
41,technician,married,tertiary,no,231,no,no,cellular,26,aug,2,-1,0,unknown,yes
26,admin.,single,secondary,no,96,no,no,cellular,11,aug,1,70,3,failure,yes
32,unemployed,married,secondary,no,2996,yes,no,unknown,19,may,1,-1,0,unknown,no
27,admin.,single,secondary,no,292,yes,no,cellular,12,may,9,362,8,other,no
62,retired,married,tertiary,no,2557,yes,no,cellular,14,sep,1,216,7,success,yes
35,blue-collar,married,secondary,no,74,no,no,cellular,23,jul,2,-1,0,unknown,no
38,services,married,secondary,no,105,no,no,cellular,30,jul,2,-1,0,unknown,no
51,entrepreneur,married,secondary,no,-799,no,yes,cellular,15,jul,3,-1,0,unknown,yes
40,management,married,tertiary,no,7780,no,no,telephone,4,may,1,355,1,other,no
77,retired,divorced,secondary,no,0,no,no,cellular,25,sep,1,-1,0,unknown,yes
31,admin.,single,secondary,no,-302,yes,yes,unknown,27,may,5,-1,0,unknown,no
59,management,divorced,tertiary,no,1304,no,no,unknown,18,jun,1,-1,0,unknown,no
40,services,married,secondary,no,1305,no,no,cellular,22,jul,1,-1,0,unknown,no
63,retired,married,tertiary,no,1795,no,no,cellular,7,sep,1,-1,0,unknown,yes
32,services,single,tertiary,no,785,no,no,cellular,3,jun,1,-1,0,unknown,no
40,blue-collar,married,secondary,no,0,yes,no,unknown,16,may,2,-1,0,unknown,no
43,technician,married,secondary,no,0,no,no,cellular,19,aug,3,-1,0,unknown,no
39,housemaid,married,secondary,no,1444,no,no,telephone,25,jul,8,-1,0,unknown,yes
36,management,single,tertiary,no,4,yes,no,cellular,7,may,2,342,1,failure,yes
40,technician,married,secondary,no,192,no,no,cellular,7,aug,2,-1,0,unknown,no
40,housemaid,married,tertiary,no,795,yes,no,unknown,29,may,3,-1,0,unknown,no
41,self-employed,married,secondary,no,20,no,no,unknown,5,jun,1,-1,0,unknown,no
37,management,single,tertiary,no,2173,no,no,cellular,21,nov,3,114,1,failure,no
27,blue-collar,single,secondary,yes,-3,yes,no,unknown,19,may,5,-1,0,unknown,no
58,management,married,secondary,no,2155,no,yes,cellular,11,aug,2,182,7,success,yes
34,blue-collar,married,secondary,no,1454,yes,no,cellular,11,feb,2,297,2,failure,yes
31,management,married,tertiary,no,131,no,no,cellular,18,feb,2,-1,0,unknown,yes
39,technician,married,secondary,no,2266,no,no,cellular,22,may,1,93,4,success,no
56,retired,married,secondary,no,878,no,no,unknown,20,jun,3,-1,0,unknown,no
33,management,married,tertiary,no,22867,yes,no,cellular,10,nov,2,92,3,failure,yes
56,management,married,tertiary,no,830,yes,yes,unknown,6,may,1,-1,0,unknown,yes
47,self-employed,married,secondary,no,318,no,no,cellular,21,nov,1,-1,0,unknown,no
50,management,married,tertiary,no,67,no,yes,unknown,20,jun,3,-1,0,unknown,no
48,services,divorced,primary,no,2805,no,yes,cellular,23,jul,2,-1,0,unknown,no
29,technician,single,secondary,no,6,no,no,cellular,25,may,1,-1,0,unknown,yes
34,management,married,tertiary,no,0,yes,no,unknown,20,may,1,-1,0,unknown,no
61,retired,divorced,secondary,no,4243,no,no,cellular,30,apr,1,182,2,success,yes
30,management,single,tertiary,no,297,no,no,cellular,8,nov,1,-1,0,unknown,yes
41,blue-collar,married,primary,no,246,no,no,unknown,19,jun,3,-1,0,unknown,yes
38,management,married,unknown,no,3576,no,no,cellular,26,may,1,-1,0,unknown,yes
55,services,single,secondary,no,1539,no,no,unknown,20,jun,2,-1,0,unknown,no
59,unemployed,married,secondary,no,1047,no,no,cellular,18,feb,3,-1,0,unknown,yes
64,retired,married,unknown,no,679,no,no,telephone,16,nov,1,-1,0,unknown,yes
31,management,single,tertiary,no,617,no,no,cellular,4,jun,1,97,2,success,yes
31,technician,single,tertiary,no,1109,no,no,cellular,5,feb,1,167,2,failure,yes
38,services,married,tertiary,no,0,yes,no,cellular,17,apr,1,147,4,failure,no
34,management,single,tertiary,no,1494,yes,no,cellular,18,nov,1,182,1,other,yes
36,blue-collar,married,secondary,no,4438,yes,no,unknown,20,may,1,-1,0,unknown,yes
38,unemployed,married,secondary,no,995,no,no,unknown,26,jul,1,-1,0,unknown,no
59,housemaid,married,primary,no,235,no,no,cellular,13,aug,2,-1,0,unknown,no
66,retired,married,tertiary,no,1948,no,no,cellular,29,oct,2,269,2,failure,yes
34,admin.,married,tertiary,no,69,no,yes,cellular,4,aug,3,1,6,success,yes
41,management,divorced,unknown,no,465,yes,no,cellular,22,jul,1,-1,0,unknown,yes
35,management,single,tertiary,no,916,yes,no,cellular,14,may,2,-1,0,unknown,yes
35,management,married,tertiary,no,2682,yes,no,cellular,9,jul,1,-1,0,unknown,no
35,blue-collar,married,secondary,no,625,no,no,cellular,13,may,1,-1,0,unknown,no
34,services,married,secondary,no,1076,no,no,cellular,12,may,1,182,6,success,yes
33,management,single,tertiary,no,307,no,no,cellular,23,jul,6,179,4,failure,no
27,self-employed,single,tertiary,no,5214,yes,no,unknown,28,may,1,-1,0,unknown,no
44,admin.,single,secondary,no,4492,no,yes,cellular,31,jul,13,-1,0,unknown,no
60,retired,married,tertiary,no,2194,yes,no,telephone,20,apr,3,263,9,failure,no
30,management,single,tertiary,no,697,no,no,cellular,10,aug,3,102,2,success,yes
26,student,single,secondary,no,132,no,no,cellular,4,jun,1,-1,0,unknown,yes
65,retired,married,tertiary,no,1948,no,no,cellular,2,feb,2,-1,0,unknown,no
30,technician,single,secondary,no,816,yes,no,unknown,14,nov,1,-1,0,unknown,yes
34,services,married,secondary,no,-451,yes,yes,cellular,23,jul,1,-1,0,unknown,no
76,retired,married,unknown,no,8919,no,no,cellular,28,jan,1,-1,0,unknown,no
41,technician,married,secondary,no,0,no,no,cellular,28,jan,2,156,8,other,no
35,technician,married,tertiary,no,416,no,no,cellular,11,aug,4,-1,0,unknown,no
34,technician,married,tertiary,no,3743,yes,no,cellular,18,may,4,-1,0,unknown,yes
55,blue-collar,married,unknown,no,890,no,no,cellular,22,aug,2,-1,0,unknown,yes
51,housemaid,divorced,secondary,no,9228,no,no,cellular,18,jul,4,-1,0,unknown,yes
41,services,married,secondary,no,0,yes,no,unknown,5,may,2,-1,0,unknown,no
55,housemaid,married,primary,no,4,no,no,cellular,21,nov,3,-1,0,unknown,no
30,self-employed,single,tertiary,no,655,no,no,cellular,23,sep,4,184,1,success,yes
57,admin.,single,secondary,no,5768,yes,no,unknown,19,jun,1,-1,0,unknown,yes
26,management,single,tertiary,no,3704,no,no,cellular,19,aug,4,-1,0,unknown,yes
37,unemployed,married,secondary,no,1978,no,no,cellular,9,sep,1,182,1,success,yes
35,self-employed,married,secondary,no,28,no,yes,unknown,2,jul,3,-1,0,unknown,no
47,management,single,tertiary,no,-230,no,no,cellular,4,feb,1,-1,0,unknown,no
28,blue-collar,married,secondary,no,61,yes,no,cellular,11,feb,1,174,4,success,yes
33,management,single,tertiary,no,0,yes,no,telephone,5,may,2,358,5,other,no
40,entrepreneur,married,tertiary,no,3571,no,no,unknown,9,jun,3,-1,0,unknown,no
54,services,divorced,secondary,no,0,no,no,cellular,18,mar,1,290,3,success,yes
56,services,married,secondary,no,530,yes,no,unknown,20,may,7,-1,0,unknown,no
26,services,single,secondary,no,901,yes,no,unknown,26,may,2,-1,0,unknown,yes
44,technician,married,secondary,no,7863,no,no,cellular,26,aug,6,-1,0,unknown,no
44,entrepreneur,married,secondary,no,320,yes,yes,cellular,5,feb,3,234,2,other,no
36,housemaid,married,secondary,no,205,yes,no,telephone,18,nov,4,-1,0,unknown,no
30,management,single,tertiary,no,119,no,no,cellular,28,jan,1,-1,0,unknown,no
41,technician,married,tertiary,no,-15,yes,no,cellular,6,may,1,-1,0,unknown,no
52,retired,married,tertiary,no,2269,no,no,unknown,20,jun,1,-1,0,unknown,yes
49,services,married,tertiary,no,306,yes,no,cellular,18,aug,7,-1,0,unknown,no
39,management,married,tertiary,no,-974,no,yes,cellular,13,aug,4,-1,0,unknown,no
36,self-employed,single,tertiary,no,353,no,no,cellular,11,aug,2,181,2,success,yes
31,management,married,secondary,no,1064,no,no,telephone,20,nov,1,-1,0,unknown,no
43,blue-collar,married,primary,no,0,yes,no,unknown,12,may,1,-1,0,unknown,no
53,retired,married,primary,no,136,yes,no,unknown,6,may,2,-1,0,unknown,no
57,unemployed,married,secondary,no,3754,no,no,cellular,5,feb,2,-1,0,unknown,yes
37,services,divorced,secondary,no,319,yes,no,unknown,6,jun,3,-1,0,unknown,yes
47,technician,married,secondary,no,1233,yes,no,unknown,11,sep,1,100,2,other,yes
42,technician,single,secondary,no,1364,yes,no,unknown,15,may,6,-1,0,unknown,yes
42,management,divorced,secondary,no,283,yes,no,cellular,23,jul,1,-1,0,unknown,yes
71,retired,married,secondary,no,1696,no,no,cellular,6,oct,1,-1,0,unknown,yes
30,admin.,single,secondary,no,457,no,no,cellular,27,apr,2,-1,0,unknown,no
56,services,married,secondary,no,1150,no,yes,cellular,17,nov,1,117,3,failure,no
34,admin.,divorced,secondary,no,627,yes,no,unknown,7,may,2,-1,0,unknown,no
48,services,married,secondary,no,2850,yes,no,cellular,6,aug,3,-1,0,unknown,no
33,admin.,married,secondary,no,177,yes,no,cellular,11,may,1,-1,0,unknown,no
31,student,single,tertiary,no,307,no,no,cellular,20,nov,2,-1,0,unknown,no
37,blue-collar,married,primary,no,0,yes,no,unknown,26,may,1,-1,0,unknown,no
50,technician,divorced,unknown,no,2794,no,no,cellular,12,aug,2,-1,0,unknown,yes
40,technician,single,tertiary,no,1646,yes,no,cellular,2,feb,1,242,2,failure,yes
67,unknown,married,tertiary,no,7687,no,no,telephone,30,oct,3,-1,0,unknown,no
27,services,single,secondary,no,302,no,no,cellular,3,jul,1,-1,0,unknown,yes
40,services,single,secondary,no,316,no,no,unknown,11,jun,5,-1,0,unknown,no
29,management,single,tertiary,no,2753,no,no,cellular,30,apr,1,-1,0,unknown,yes
35,management,married,tertiary,no,3168,no,no,cellular,22,aug,30,-1,0,unknown,no
27,admin.,married,secondary,no,1293,yes,no,cellular,8,apr,3,-1,0,unknown,yes
60,blue-collar,married,primary,no,1262,yes,yes,unknown,13,may,1,-1,0,unknown,yes
55,management,married,tertiary,no,42,yes,no,telephone,11,may,2,-1,0,unknown,no
27,student,single,tertiary,no,13107,yes,no,cellular,6,apr,1,314,2,failure,yes
30,technician,married,secondary,no,743,no,no,cellular,29,jan,2,-1,0,unknown,no
32,services,single,secondary,no,1659,yes,no,unknown,30,may,6,-1,0,unknown,no
35,blue-collar,married,primary,no,22,yes,no,cellular,15,may,2,302,2,other,yes
31,blue-collar,married,secondary,no,3364,yes,no,cellular,20,nov,1,-1,0,unknown,no
47,management,single,tertiary,no,86,no,no,cellular,5,aug,1,97,4,success,yes
25,technician,single,secondary,no,102,no,yes,cellular,8,jul,2,-1,0,unknown,yes
36,blue-collar,married,secondary,no,1193,no,no,cellular,30,oct,1,-1,0,unknown,yes
37,technician,single,tertiary,no,197,no,no,cellular,16,nov,1,200,1,success,yes
34,admin.,married,secondary,no,-312,yes,no,unknown,9,may,1,-1,0,unknown,no
34,entrepreneur,married,secondary,no,456,yes,yes,cellular,28,aug,8,-1,0,unknown,no
56,housemaid,divorced,secondary,no,1866,no,yes,cellular,1,oct,1,-1,0,unknown,no
32,management,married,tertiary,no,1812,no,no,cellular,4,aug,1,182,4,other,yes
36,management,married,tertiary,no,6641,no,no,cellular,30,jul,4,-1,0,unknown,no
33,management,single,tertiary,no,3770,no,no,cellular,28,jan,2,-1,0,unknown,no
30,admin.,single,secondary,no,60,no,no,cellular,29,jan,2,-1,0,unknown,no
50,technician,divorced,secondary,no,-54,yes,yes,cellular,13,may,2,292,1,failure,yes
33,services,married,secondary,no,703,no,no,cellular,18,nov,2,-1,0,unknown,no
35,management,married,tertiary,no,323,no,no,cellular,11,jan,2,-1,0,unknown,yes
33,management,single,tertiary,no,541,yes,yes,unknown,21,may,1,-1,0,unknown,no
30,technician,single,secondary,no,486,no,no,cellular,28,jan,3,-1,0,unknown,no
38,technician,single,tertiary,no,5122,yes,no,cellular,20,nov,1,184,1,failure,no
36,unemployed,married,secondary,no,439,yes,no,telephone,6,feb,6,-1,0,unknown,no
27,blue-collar,single,secondary,no,535,no,no,cellular,13,may,1,87,3,success,yes
30,management,single,secondary,no,135,no,no,cellular,14,aug,2,-1,0,unknown,no
61,retired,married,primary,no,296,yes,yes,unknown,3,jun,2,-1,0,unknown,no
37,blue-collar,married,secondary,yes,-399,yes,yes,unknown,3,jun,3,-1,0,unknown,no
50,blue-collar,married,primary,no,533,no,no,cellular,21,aug,4,-1,0,unknown,no
32,technician,single,tertiary,no,5514,no,no,telephone,22,oct,1,-1,0,unknown,yes
41,blue-collar,married,secondary,no,306,yes,no,telephone,11,may,1,369,2,failure,no
38,services,married,tertiary,no,1018,no,no,unknown,16,jun,3,-1,0,unknown,no
30,technician,married,secondary,no,2326,no,no,cellular,14,dec,1,175,2,failure,yes
55,management,married,primary,no,384,no,no,telephone,4,feb,1,-1,0,unknown,no
71,housemaid,divorced,primary,no,1311,no,no,cellular,10,nov,2,91,1,success,yes
38,blue-collar,married,secondary,no,0,yes,no,unknown,9,jun,1,-1,0,unknown,no
29,technician,single,secondary,no,510,yes,no,unknown,16,jun,15,-1,0,unknown,no
60,blue-collar,married,unknown,no,104,yes,no,unknown,5,may,1,-1,0,unknown,no
44,blue-collar,married,secondary,no,-448,yes,no,unknown,18,jun,2,-1,0,unknown,no
61,management,single,tertiary,no,2,no,no,cellular,12,aug,1,114,3,failure,yes
47,blue-collar,married,secondary,no,3630,yes,no,unknown,14,may,4,-1,0,unknown,no
36,blue-collar,married,primary,no,223,yes,no,unknown,14,jul,3,-1,0,unknown,no
63,retired,divorced,primary,no,109,no,no,cellular,10,nov,2,-1,0,unknown,yes
71,retired,divorced,tertiary,yes,1236,yes,no,cellular,14,sep,4,-1,0,unknown,yes
54,entrepreneur,married,tertiary,no,0,no,no,cellular,30,jul,5,-1,0,unknown,no
44,management,married,tertiary,no,17361,no,no,unknown,18,jun,1,-1,0,unknown,no
44,unemployed,married,primary,no,97,yes,no,unknown,5,jun,3,-1,0,unknown,no
31,student,single,tertiary,no,4951,no,no,cellular,28,jun,3,-1,0,unknown,no
22,student,single,secondary,no,381,no,no,cellular,12,feb,1,-1,0,unknown,yes
40,unemployed,married,secondary,no,1077,yes,yes,cellular,17,nov,2,-1,0,unknown,no
63,retired,married,secondary,no,474,no,no,cellular,25,jan,1,-1,0,unknown,yes
33,technician,married,secondary,no,480,yes,no,cellular,30,jan,1,270,1,other,no
34,management,married,tertiary,no,676,no,no,telephone,11,nov,1,-1,0,unknown,yes
44,technician,single,tertiary,no,2033,no,no,cellular,3,sep,1,99,1,failure,yes
64,retired,divorced,primary,no,109,no,no,cellular,23,jun,1,225,2,success,yes
32,technician,single,unknown,no,491,no,no,cellular,8,oct,2,91,7,success,yes
64,retired,divorced,secondary,no,4833,no,no,cellular,20,oct,1,181,3,failure,yes
33,management,single,tertiary,no,1271,yes,no,cellular,15,apr,3,330,1,failure,yes
49,technician,divorced,secondary,no,342,no,yes,cellular,19,nov,3,-1,0,unknown,no
32,services,married,secondary,no,243,yes,yes,unknown,6,may,1,-1,0,unknown,no
37,management,single,tertiary,no,8828,no,no,unknown,12,jun,3,-1,0,unknown,yes
43,unemployed,married,secondary,no,553,no,no,telephone,4,feb,1,-1,0,unknown,no
